-- phpMyAdmin SQL Dump
-- version 5.1.1
-- https://www.phpmyadmin.net/
--
-- Servidor: localhost

-- Tiempo de generación: 03-07-2021 a las 04:13:13

-- Versión del servidor: 10.4.19-MariaDB
-- Versión de PHP: 7.4.20

SET SQL_MODE = "NO_AUTO_VALUE_ON_ZERO";
START TRANSACTION;
SET time_zone = "+00:00";


/*!40101 SET @OLD_CHARACTER_SET_CLIENT=@@CHARACTER_SET_CLIENT */;
/*!40101 SET @OLD_CHARACTER_SET_RESULTS=@@CHARACTER_SET_RESULTS */;
/*!40101 SET @OLD_COLLATION_CONNECTION=@@COLLATION_CONNECTION */;
/*!40101 SET NAMES utf8mb4 */;

--
-- Base de datos: `ocdmonitor`
--

-- --------------------------------------------------------

--
-- Estructura de tabla para la tabla `actor`
--

CREATE TABLE `actor` (
  `idactor` smallint(4) UNSIGNED NOT NULL,
  `nombre_actor` varchar(150) NOT NULL
) ENGINE=InnoDB DEFAULT CHARSET=utf8mb4;

--
-- Volcado de datos para la tabla `actor`
--

INSERT INTO `actor` (`idactor`, `nombre_actor`) VALUES
(1, 'Pertenece al Organo Legislativo'),
(2, 'Pertenece al Organo Ejecutivo'),
(3, 'Pertenece al Organo Judicial'),
(4, 'Pertenece al Organo Electoral'),
(5, 'Pertenece a un partido politico'),
(6, 'Pertenece a la sociedad civil'),
(7, 'Pertenece al Organo Ejecutivo Departamental'),
(8, 'Pertenece al Organo Legislativo Departamental'),
(9, 'Pertenece al Organo Ejecutivo Municipal'),
(10, 'Pertenece al Organo Legislativo Municipal');

-- --------------------------------------------------------

--
-- Estructura de tabla para la tabla `ci_sessions`
--

CREATE TABLE `ci_sessions` (
  `id` varchar(128) NOT NULL,
  `ip_address` varchar(45) NOT NULL,
  `timestamp` timestamp NOT NULL DEFAULT current_timestamp(),
  `data` blob NOT NULL
) ENGINE=InnoDB DEFAULT CHARSET=utf8mb4;

--
-- Volcado de datos para la tabla `ci_sessions`
--

INSERT INTO `ci_sessions` (`id`, `ip_address`, `timestamp`, `data`) VALUES
('091f9b02e1b79747f516f1139902bb70dc8cf56f', '127.0.0.1', '0000-00-00 00:00:00', 0x5f5f63695f6c6173745f726567656e65726174657c693a313632353235303030323b6964656e746974797c733a353a2261646d696e223b757365726e616d657c733a353a2261646d696e223b656d61696c7c733a31353a2261646d696e4061646d696e2e636f6d223b757365725f69647c733a313a2231223b6f6c645f6c6173745f6c6f67696e7c733a31303a2231363235323438373834223b6c6173745f636865636b7c693a313632353235303030323b),
('0f7a7d83c2cd8dd53b4856ff1ef6bd525fdfe818', '127.0.0.1', '0000-00-00 00:00:00', 0x5f5f63695f6c6173745f726567656e65726174657c693a313632353235383434303b6964656e746974797c733a373a226d617263656c6f223b757365726e616d657c733a373a226d617263656c6f223b656d61696c7c733a31393a224d526f6c7175657a6140676d61696c2e636f6d223b757365725f69647c733a313a2232223b6f6c645f6c6173745f6c6f67696e7c733a31303a2231363235323531373036223b6c6173745f636865636b7c693a313632353235323531333b),
('12c0f81fb3cfb62cd67cbd0dfe42478887e6d449', '127.0.0.1', '0000-00-00 00:00:00', 0x5f5f63695f6c6173745f726567656e65726174657c693a313632353235313437353b6964656e746974797c733a373a226d617263656c6f223b757365726e616d657c733a373a226d617263656c6f223b656d61696c7c733a31393a224d526f6c7175657a6140676d61696c2e636f6d223b757365725f69647c733a313a2232223b6f6c645f6c6173745f6c6f67696e7c733a31303a2231363235323438363330223b6c6173745f636865636b7c693a313632353235303635333b),
('1b37efb2cf58e6e949927e0f92d1a67be2004177', '127.0.0.1', '0000-00-00 00:00:00', 0x5f5f63695f6c6173745f726567656e65726174657c693a313632353235393138383b6964656e746974797c733a373a226d617263656c6f223b757365726e616d657c733a373a226d617263656c6f223b656d61696c7c733a31393a224d526f6c7175657a6140676d61696c2e636f6d223b757365725f69647c733a313a2232223b6f6c645f6c6173745f6c6f67696e7c733a31303a2231363235323531373036223b6c6173745f636865636b7c693a313632353235323531333b),
('1b5c76bd92b6f231c2bf71251d80aac41f7d3911', '127.0.0.1', '0000-00-00 00:00:00', 0x5f5f63695f6c6173745f726567656e65726174657c693a313632353233303630383b6964656e746974797c733a353a2261646d696e223b757365726e616d657c733a353a2261646d696e223b656d61696c7c733a31353a2261646d696e4061646d696e2e636f6d223b757365725f69647c733a313a2231223b6f6c645f6c6173745f6c6f67696e7c733a31303a2231363235313930313836223b6c6173745f636865636b7c693a313632353233303630383b),
('25fe8bc55ec34d977e86436448e372a571005ebb', '127.0.0.1', '0000-00-00 00:00:00', 0x5f5f63695f6c6173745f726567656e65726174657c693a313632353036343534313b),
('271a3f2b9457c6abb80db1d011219231a347bc3e', '127.0.0.1', '0000-00-00 00:00:00', 0x5f5f63695f6c6173745f726567656e65726174657c693a313632353036323732323b),
('304c64be0f27d5c288529f33696f6f4410faca02', '127.0.0.1', '0000-00-00 00:00:00', 0x5f5f63695f6c6173745f726567656e65726174657c693a313632353036313438303b),
('390661c5e4e22584cc45af4a8ee48752dc47f5f9', '127.0.0.1', '0000-00-00 00:00:00', 0x5f5f63695f6c6173745f726567656e65726174657c693a313632353036313134333b),
('3b039fb1c6f2e2766021aa1d09bd762af63d7460', '127.0.0.1', '0000-00-00 00:00:00', 0x5f5f63695f6c6173745f726567656e65726174657c693a313632353036333236353b),
('42d53086be5fa83f2df76b7a543c1025423c3646', '127.0.0.1', '0000-00-00 00:00:00', 0x5f5f63695f6c6173745f726567656e65726174657c693a313632353235373635303b6964656e746974797c733a373a226d617263656c6f223b757365726e616d657c733a373a226d617263656c6f223b656d61696c7c733a31393a224d526f6c7175657a6140676d61696c2e636f6d223b757365725f69647c733a313a2232223b6f6c645f6c6173745f6c6f67696e7c733a31303a2231363235323532353133223b6c6173745f636865636b7c693a313632353235373635303b),
('4538f6d8baae8d2847d175f2315972cbdaa408d8', '127.0.0.1', '0000-00-00 00:00:00', 0x5f5f63695f6c6173745f726567656e65726174657c693a313632353139303138363b6964656e746974797c733a353a2261646d696e223b757365726e616d657c733a353a2261646d696e223b656d61696c7c733a31353a2261646d696e4061646d696e2e636f6d223b757365725f69647c733a313a2231223b6f6c645f6c6173745f6c6f67696e7c733a31303a2231363235313731393137223b6c6173745f636865636b7c693a313632353139303138363b),
('4891925916fbb6e773b9f7c77bac8eab2dcfcd2f', '127.0.0.1', '0000-00-00 00:00:00', 0x5f5f63695f6c6173745f726567656e65726174657c693a313632353235343535313b6964656e746974797c733a373a226d617263656c6f223b757365726e616d657c733a373a226d617263656c6f223b656d61696c7c733a31393a224d526f6c7175657a6140676d61696c2e636f6d223b757365725f69647c733a313a2232223b6f6c645f6c6173745f6c6f67696e7c733a31303a2231363235323531373036223b6c6173745f636865636b7c693a313632353235323531333b),
('4c64e3bffcb168f57a53c0d0ee03e93f0257974f', '127.0.0.1', '0000-00-00 00:00:00', 0x5f5f63695f6c6173745f726567656e65726174657c693a313632353137313931373b6964656e746974797c733a353a2261646d696e223b757365726e616d657c733a353a2261646d696e223b656d61696c7c733a31353a2261646d696e4061646d696e2e636f6d223b757365725f69647c733a313a2231223b6f6c645f6c6173745f6c6f67696e7c733a31303a2231363235313639343732223b6c6173745f636865636b7c693a313632353137313931373b),
('4f2e9141a034e3c56a1d6e6fbf9f7f077149202e', '127.0.0.1', '0000-00-00 00:00:00', 0x5f5f63695f6c6173745f726567656e65726174657c693a313632343637333838333b5f63695f70726576696f75735f75726c7c733a34363a22687474703a2f2f6c6f63616c686f73742f70726f796563746f2f696e6465782e7068702f4c6f67696e2f636f6465223b6e616d657c733a343a226a75616e223b656d61696c7c733a31343a226a75616e406c6f63616c2e636f6d223b6c6f676765645f696e7c623a313b),
('5b1587e58ae6f7dfd72907d429d45a56ca4a0d4b', '127.0.0.1', '0000-00-00 00:00:00', 0x5f5f63695f6c6173745f726567656e65726174657c693a313632353236303730393b6964656e746974797c733a373a226d617263656c6f223b757365726e616d657c733a373a226d617263656c6f223b656d61696c7c733a31393a224d526f6c7175657a6140676d61696c2e636f6d223b757365725f69647c733a313a2232223b6f6c645f6c6173745f6c6f67696e7c733a31303a2231363235323531373036223b6c6173745f636865636b7c693a313632353235323531333b),
('5d12b3fe26e1401557c6328d06103e47351c2252', '127.0.0.1', '0000-00-00 00:00:00', 0x5f5f63695f6c6173745f726567656e65726174657c693a313632353236303730393b6964656e746974797c733a373a226d617263656c6f223b757365726e616d657c733a373a226d617263656c6f223b656d61696c7c733a31393a224d526f6c7175657a6140676d61696c2e636f6d223b757365725f69647c733a313a2232223b6f6c645f6c6173745f6c6f67696e7c733a31303a2231363235323531373036223b6c6173745f636865636b7c693a313632353235323531333b),
('61234e29564a0ccc05494c9babc21ae7650e10ca', '127.0.0.1', '0000-00-00 00:00:00', 0x5f5f63695f6c6173745f726567656e65726174657c693a313632353036313932353b),
('668aec38635b2a615dce67296293c556797a61d1', '127.0.0.1', '0000-00-00 00:00:00', 0x5f5f63695f6c6173745f726567656e65726174657c693a313632353235383835363b6964656e746974797c733a373a226d617263656c6f223b757365726e616d657c733a373a226d617263656c6f223b656d61696c7c733a31393a224d526f6c7175657a6140676d61696c2e636f6d223b757365725f69647c733a313a2232223b6f6c645f6c6173745f6c6f67696e7c733a31303a2231363235323531373036223b6c6173745f636865636b7c693a313632353235323531333b),
('68d52d62294d605ed774acb06378cc52c3d5aef0', '127.0.0.1', '0000-00-00 00:00:00', 0x5f5f63695f6c6173745f726567656e65726174657c693a313632353234383633303b6964656e746974797c733a373a226d617263656c6f223b757365726e616d657c733a373a226d617263656c6f223b656d61696c7c733a31393a224d526f6c7175657a6140676d61696c2e636f6d223b757365725f69647c733a313a2232223b6f6c645f6c6173745f6c6f67696e7c4e3b6c6173745f636865636b7c693a313632353234383633303b),
('74bfcd7ad746e79e3604c0c53757defae3909a3b', '127.0.0.1', '0000-00-00 00:00:00', 0x5f5f63695f6c6173745f726567656e65726174657c693a313632353235313730363b6964656e746974797c733a373a226d617263656c6f223b757365726e616d657c733a373a226d617263656c6f223b656d61696c7c733a31393a224d526f6c7175657a6140676d61696c2e636f6d223b757365725f69647c733a313a2232223b6f6c645f6c6173745f6c6f67696e7c733a31303a2231363235323530363533223b6c6173745f636865636b7c693a313632353235313730363b),
('74f0dd6b645d6306335750c5b6aca586722c4729', '127.0.0.1', '0000-00-00 00:00:00', 0x5f5f63695f6c6173745f726567656e65726174657c693a313632353137313931373b6964656e746974797c733a353a2261646d696e223b757365726e616d657c733a353a2261646d696e223b656d61696c7c733a31353a2261646d696e4061646d696e2e636f6d223b757365725f69647c733a313a2231223b6f6c645f6c6173745f6c6f67696e7c733a31303a2231363235313639343732223b6c6173745f636865636b7c693a313632353137313931373b736573696f6e5f6163746976617c623a313b),
('7a279fcfdcf813fc48d4b3c1c1abb47a3a7f470d', '127.0.0.1', '0000-00-00 00:00:00', 0x5f5f63695f6c6173745f726567656e65726174657c693a313632353235333538343b6964656e746974797c733a373a226d617263656c6f223b757365726e616d657c733a373a226d617263656c6f223b656d61696c7c733a31393a224d526f6c7175657a6140676d61696c2e636f6d223b757365725f69647c733a313a2232223b6f6c645f6c6173745f6c6f67696e7c733a31303a2231363235323531373036223b6c6173745f636865636b7c693a313632353235323531333b),
('7d5b602914d7ba8c21f6c0524b5cca89aabfcabb', '127.0.0.1', '0000-00-00 00:00:00', 0x5f5f63695f6c6173745f726567656e65726174657c693a313632353235393531373b6964656e746974797c733a373a226d617263656c6f223b757365726e616d657c733a373a226d617263656c6f223b656d61696c7c733a31393a224d526f6c7175657a6140676d61696c2e636f6d223b757365725f69647c733a313a2232223b6f6c645f6c6173745f6c6f67696e7c733a31303a2231363235323531373036223b6c6173745f636865636b7c693a313632353235323531333b),
('867cdda2f8f275159d53e7e38b9432ee5c635d69', '127.0.0.1', '0000-00-00 00:00:00', 0x5f5f63695f6c6173745f726567656e65726174657c693a313632353233383438353b6964656e746974797c733a353a2261646d696e223b757365726e616d657c733a353a2261646d696e223b656d61696c7c733a31353a2261646d696e4061646d696e2e636f6d223b757365725f69647c733a313a2231223b6f6c645f6c6173745f6c6f67696e7c733a31303a2231363235323330363038223b6c6173745f636865636b7c693a313632353233383438353b736573696f6e5f6163746976617c623a313b),
('88582c978fe39c6ef45e91574faa4b9f3676fd18', '127.0.0.1', '0000-00-00 00:00:00', 0x5f5f63695f6c6173745f726567656e65726174657c693a313632353235303437313b6964656e746974797c733a353a2261646d696e223b757365726e616d657c733a353a2261646d696e223b656d61696c7c733a31353a2261646d696e4061646d696e2e636f6d223b757365725f69647c733a313a2231223b6f6c645f6c6173745f6c6f67696e7c733a31303a2231363235323530303032223b6c6173745f636865636b7c693a313632353235303437313b),
('89661e5548374a1953da480cbf5bc38aaae7b357', '127.0.0.1', '0000-00-00 00:00:00', 0x5f5f63695f6c6173745f726567656e65726174657c693a313632353139303138363b6964656e746974797c733a353a2261646d696e223b757365726e616d657c733a353a2261646d696e223b656d61696c7c733a31353a2261646d696e4061646d696e2e636f6d223b757365725f69647c733a313a2231223b6f6c645f6c6173745f6c6f67696e7c733a31303a2231363235313731393137223b6c6173745f636865636b7c693a313632353139303138363b736573696f6e5f6163746976617c623a313b),
('8a96f6498518193e996891fc326dfdc6701c176d', '127.0.0.1', '0000-00-00 00:00:00', 0x5f5f63695f6c6173745f726567656e65726174657c693a313632353235373236343b6964656e746974797c733a373a226d617263656c6f223b757365726e616d657c733a373a226d617263656c6f223b656d61696c7c733a31393a224d526f6c7175657a6140676d61696c2e636f6d223b757365725f69647c733a313a2232223b6f6c645f6c6173745f6c6f67696e7c733a31303a2231363235323531373036223b6c6173745f636865636b7c693a313632353235323531333b),
('8fcf599729392dcd1a16fed0468d05f59eab3b47', '127.0.0.1', '0000-00-00 00:00:00', 0x5f5f63695f6c6173745f726567656e65726174657c693a313632353235323531333b6964656e746974797c733a373a226d617263656c6f223b757365726e616d657c733a373a226d617263656c6f223b656d61696c7c733a31393a224d526f6c7175657a6140676d61696c2e636f6d223b757365725f69647c733a313a2232223b6f6c645f6c6173745f6c6f67696e7c733a31303a2231363235323531373036223b6c6173745f636865636b7c693a313632353235323531333b),
('92c40a65ce931affd8a305a21724ae00eee15f0a', '127.0.0.1', '0000-00-00 00:00:00', 0x5f5f63695f6c6173745f726567656e65726174657c693a313632353235313731323b),
('a044f9a46ce3e7ed2e91827a97547e90c1fe9389', '127.0.0.1', '0000-00-00 00:00:00', 0x5f5f63695f6c6173745f726567656e65726174657c693a313632353136393837393b6964656e746974797c733a353a2261646d696e223b757365726e616d657c733a353a2261646d696e223b656d61696c7c733a31353a2261646d696e4061646d696e2e636f6d223b757365725f69647c733a313a2231223b6f6c645f6c6173745f6c6f67696e7c733a31303a2231323638383839383233223b6c6173745f636865636b7c693a313632353136393437323b736573696f6e5f6163746976617c623a313b),
('a2d0bfd82e930367d95e7583bb03ce2defb40d53', '127.0.0.1', '0000-00-00 00:00:00', 0x5f5f63695f6c6173745f726567656e65726174657c693a313632353233383438353b6964656e746974797c733a353a2261646d696e223b757365726e616d657c733a353a2261646d696e223b656d61696c7c733a31353a2261646d696e4061646d696e2e636f6d223b757365725f69647c733a313a2231223b6f6c645f6c6173745f6c6f67696e7c733a31303a2231363235323330363038223b6c6173745f636865636b7c693a313632353233383438353b),
('a3b1c7e01139e2e9b3011a166f83c2511792d905', '127.0.0.1', '0000-00-00 00:00:00', 0x5f5f63695f6c6173745f726567656e65726174657c693a313632353233303630383b6964656e746974797c733a353a2261646d696e223b757365726e616d657c733a353a2261646d696e223b656d61696c7c733a31353a2261646d696e4061646d696e2e636f6d223b757365725f69647c733a313a2231223b6f6c645f6c6173745f6c6f67696e7c733a31303a2231363235313930313836223b6c6173745f636865636b7c693a313632353233303630383b736573696f6e5f6163746976617c623a313b),
('a48fd21bbe7a15e5913179fbd31e2e048ba774e9', '127.0.0.1', '0000-00-00 00:00:00', 0x5f5f63695f6c6173745f726567656e65726174657c693a313632353235323033353b6964656e746974797c733a373a226d617263656c6f223b757365726e616d657c733a373a226d617263656c6f223b656d61696c7c733a31393a224d526f6c7175657a6140676d61696c2e636f6d223b757365725f69647c733a313a2232223b6f6c645f6c6173745f6c6f67696e7c733a31303a2231363235323530363533223b6c6173745f636865636b7c693a313632353235313730363b),
('b3d74491110a9986875be6564a95f7c1891210fa', '127.0.0.1', '0000-00-00 00:00:00', 0x5f5f63695f6c6173745f726567656e65726174657c693a313632353235393835383b6964656e746974797c733a373a226d617263656c6f223b757365726e616d657c733a373a226d617263656c6f223b656d61696c7c733a31393a224d526f6c7175657a6140676d61696c2e636f6d223b757365725f69647c733a313a2232223b6f6c645f6c6173745f6c6f67696e7c733a31303a2231363235323531373036223b6c6173745f636865636b7c693a313632353235323531333b),
('b4e9339b9e3d2f6c10a4b3cebd1c1c8ae3f8166a', '127.0.0.1', '0000-00-00 00:00:00', 0x5f5f63695f6c6173745f726567656e65726174657c693a313632353036363233333b),
('b6a195fa49c6cb5198e98bffd9ae47d81525ed7c', '127.0.0.1', '0000-00-00 00:00:00', 0x5f5f63695f6c6173745f726567656e65726174657c693a313632353036333635373b),
('ba87bfea00d34759352877517a8a926d007f4de8', '127.0.0.1', '0000-00-00 00:00:00', 0x5f5f63695f6c6173745f726567656e65726174657c693a313632353236303238303b6964656e746974797c733a373a226d617263656c6f223b757365726e616d657c733a373a226d617263656c6f223b656d61696c7c733a31393a224d526f6c7175657a6140676d61696c2e636f6d223b757365725f69647c733a313a2232223b6f6c645f6c6173745f6c6f67696e7c733a31303a2231363235323531373036223b6c6173745f636865636b7c693a313632353235323531333b),
('c12d7217edcd8be5cef3f46af7121058da3ae0ed', '127.0.0.1', '0000-00-00 00:00:00', 0x5f5f63695f6c6173745f726567656e65726174657c693a313632353235363539323b6964656e746974797c733a373a226d617263656c6f223b757365726e616d657c733a373a226d617263656c6f223b656d61696c7c733a31393a224d526f6c7175657a6140676d61696c2e636f6d223b757365725f69647c733a313a2232223b6f6c645f6c6173745f6c6f67696e7c733a31303a2231363235323531373036223b6c6173745f636865636b7c693a313632353235323531333b),
('c3ea85baf61578aa1ff61c5c39b33768eaedd78d', '127.0.0.1', '0000-00-00 00:00:00', 0x5f5f63695f6c6173745f726567656e65726174657c693a313632353235343135343b6964656e746974797c733a373a226d617263656c6f223b757365726e616d657c733a373a226d617263656c6f223b656d61696c7c733a31393a224d526f6c7175657a6140676d61696c2e636f6d223b757365725f69647c733a313a2232223b6f6c645f6c6173745f6c6f67696e7c733a31303a2231363235323531373036223b6c6173745f636865636b7c693a313632353235323531333b),
('c5999d439086777db92c01e9d5815b8caec1411e', '127.0.0.1', '0000-00-00 00:00:00', 0x5f5f63695f6c6173745f726567656e65726174657c693a313632353235363237363b6964656e746974797c733a373a226d617263656c6f223b757365726e616d657c733a373a226d617263656c6f223b656d61696c7c733a31393a224d526f6c7175657a6140676d61696c2e636f6d223b757365725f69647c733a313a2232223b6f6c645f6c6173745f6c6f67696e7c733a31303a2231363235323531373036223b6c6173745f636865636b7c693a313632353235323531333b),
('cb90cbceabf59f22efaa29a63efc15915536a3a4', '127.0.0.1', '0000-00-00 00:00:00', 0x5f5f63695f6c6173745f726567656e65726174657c693a313632353235333034333b6964656e746974797c733a373a226d617263656c6f223b757365726e616d657c733a373a226d617263656c6f223b656d61696c7c733a31393a224d526f6c7175657a6140676d61696c2e636f6d223b757365725f69647c733a313a2232223b6f6c645f6c6173745f6c6f67696e7c733a31303a2231363235323531373036223b6c6173745f636865636b7c693a313632353235323531333b),
('cf6cc469737ddf366c0de33355139291a4b1e112', '127.0.0.1', '0000-00-00 00:00:00', 0x5f5f63695f6c6173745f726567656e65726174657c693a313632353036363233333b),
('e11a64db15f4ed59b90c4ea7a76a8815a8ef180e', '127.0.0.1', '0000-00-00 00:00:00', 0x5f5f63695f6c6173745f726567656e65726174657c693a313632353234383738343b6964656e746974797c733a353a2261646d696e223b757365726e616d657c733a353a2261646d696e223b656d61696c7c733a31353a2261646d696e4061646d696e2e636f6d223b757365725f69647c733a313a2231223b6f6c645f6c6173745f6c6f67696e7c733a31303a2231363235323338343835223b6c6173745f636865636b7c693a313632353234383738343b736573696f6e5f6163746976617c623a313b),
('f0f353be674660c52bbd488201c7905ae13c1256', '127.0.0.1', '0000-00-00 00:00:00', 0x5f5f63695f6c6173745f726567656e65726174657c693a313632353136393437323b6964656e746974797c733a353a2261646d696e223b757365726e616d657c733a353a2261646d696e223b656d61696c7c733a31353a2261646d696e4061646d696e2e636f6d223b757365725f69647c733a313a2231223b6f6c645f6c6173745f6c6f67696e7c733a31303a2231323638383839383233223b6c6173745f636865636b7c693a313632353136393437323b),
('f741d4e5b04d319ca2a240030d0305c2b7f8c16d', '127.0.0.1', '0000-00-00 00:00:00', 0x5f5f63695f6c6173745f726567656e65726174657c693a313632353235303635333b6964656e746974797c733a373a226d617263656c6f223b757365726e616d657c733a373a226d617263656c6f223b656d61696c7c733a31393a224d526f6c7175657a6140676d61696c2e636f6d223b757365725f69647c733a313a2232223b6f6c645f6c6173745f6c6f67696e7c733a31303a2231363235323438363330223b6c6173745f636865636b7c693a313632353235303635333b),
('fb6415ab77c53bac04100155f953b7c4c26b70fc', '127.0.0.1', '0000-00-00 00:00:00', 0x5f5f63695f6c6173745f726567656e65726174657c693a313632353234383738343b6964656e746974797c733a353a2261646d696e223b757365726e616d657c733a353a2261646d696e223b656d61696c7c733a31353a2261646d696e4061646d696e2e636f6d223b757365725f69647c733a313a2231223b6f6c645f6c6173745f6c6f67696e7c733a31303a2231363235323338343835223b6c6173745f636865636b7c693a313632353234383738343b);

-- --------------------------------------------------------

--
-- Estructura de tabla para la tabla `cuestionario`
--

CREATE TABLE `cuestionario` (
  `idcuestionario` smallint(2) UNSIGNED NOT NULL,
  `nombre_cuestionario` varchar(50) NOT NULL
) ENGINE=InnoDB DEFAULT CHARSET=utf8mb4;

--
-- Volcado de datos para la tabla `cuestionario`
--

INSERT INTO `cuestionario` (`idcuestionario`, `nombre_cuestionario`) VALUES
(1, 'Reforma Electoral'),
(2, 'Institucionalidad Democratica');

-- --------------------------------------------------------

--
-- Estructura de tabla para la tabla `departamento`
--

CREATE TABLE `departamento` (
  `iddepartamento` smallint(3) UNSIGNED NOT NULL,
  `nombre_departamento` varchar(25) NOT NULL
) ENGINE=InnoDB DEFAULT CHARSET=utf8mb4;

--
-- Volcado de datos para la tabla `departamento`
--

INSERT INTO `departamento` (`iddepartamento`, `nombre_departamento`) VALUES
(1, 'La Paz'),
(2, 'Santa Cruz'),
(3, 'Oruro'),
(4, 'Cochabamba'),
(5, 'Sucre'),
(6, 'Tarija'),
(7, 'Beni'),
(8, 'Pando'),
(9, 'Potosi'),
(12, 'Epc'),
(13, 'Epa');

-- --------------------------------------------------------

--
-- Estructura de tabla para la tabla `groups`
--

CREATE TABLE `groups` (
  `id` mediumint(8) UNSIGNED NOT NULL,
  `name` varchar(20) NOT NULL,
  `description` varchar(100) NOT NULL
) ENGINE=InnoDB DEFAULT CHARSET=utf8;

--
-- Volcado de datos para la tabla `groups`
--

INSERT INTO `groups` (`id`, `name`, `description`) VALUES
(1, 'admin', 'Administrator'),
(2, 'docentes', 'Usuarios generales, docentes'),
(3, 'monitores', 'Alumnos registrados');

-- --------------------------------------------------------

--
-- Estructura de tabla para la tabla `login_attempts`
--

CREATE TABLE `login_attempts` (
  `id` int(11) UNSIGNED NOT NULL,
  `ip_address` varchar(45) NOT NULL,
  `login` varchar(100) NOT NULL,
  `time` int(11) UNSIGNED DEFAULT NULL
) ENGINE=InnoDB DEFAULT CHARSET=utf8;

-- --------------------------------------------------------

--
-- Estructura de tabla para la tabla `medio_comunicacion`
--

CREATE TABLE `medio_comunicacion` (
  `idmedio` smallint(5) UNSIGNED NOT NULL,
  `nombre_medio` varchar(50) NOT NULL,
  `rel_idtipomedio` smallint(3) UNSIGNED NOT NULL
) ENGINE=InnoDB DEFAULT CHARSET=utf8mb4;

--
-- Volcado de datos para la tabla `medio_comunicacion`
--

INSERT INTO `medio_comunicacion` (`idmedio`, `nombre_medio`, `rel_idtipomedio`) VALUES
(1, 'Red UNITEL', 2),
(2, 'Red UNO', 2),
(3, 'Red ATB', 2),
(4, 'Red TVB', 2),
(5, 'La Razón', 4),
(6, 'Pagina Siete', 4),
(7, 'Panamericana', 3),
(8, 'Fides', 3),
(9, 'ERBOL', 3),
(10, 'Facebook', 1),
(11, 'Twitter', 1);

-- --------------------------------------------------------

--
-- Estructura de tabla para la tabla `medio_departamento`
--

CREATE TABLE `medio_departamento` (
  `idmediodepartamento` int(11) UNSIGNED NOT NULL,
  `rel_idmedio` smallint(5) UNSIGNED NOT NULL,
  `rel_iddepartamento` smallint(3) UNSIGNED NOT NULL
) ENGINE=InnoDB DEFAULT CHARSET=utf8mb4;

--
-- Volcado de datos para la tabla `medio_departamento`
--

INSERT INTO `medio_departamento` (`idmediodepartamento`, `rel_idmedio`, `rel_iddepartamento`) VALUES
(1, 1, 1),
(2, 1, 2),
(3, 1, 4),
(4, 5, 1),
(5, 6, 1),
(6, 2, 1),
(7, 4, 1);

-- --------------------------------------------------------

--
-- Estructura de tabla para la tabla `noticia`
--

CREATE TABLE `noticia` (
  `idnoticia` int(11) UNSIGNED NOT NULL,
  `fecha_registro` int(11) NOT NULL,
  `fecha_noticia` int(11) NOT NULL,
  `titular` varchar(200) NOT NULL,
  `resumen` text NOT NULL,
  `url_noticia` varchar(150) DEFAULT NULL,
  `rel_idactor` smallint(4) UNSIGNED NOT NULL,
  `rel_idsubtema` smallint(5) UNSIGNED NOT NULL,
  `rel_idmedio` smallint(5) UNSIGNED NOT NULL,
  `rel_idusuario` int(11) UNSIGNED NOT NULL
) ENGINE=InnoDB DEFAULT CHARSET=utf8mb4;

--
-- Volcado de datos para la tabla `noticia`
--
-- --------------------------------------------------------

--
-- Estructura de tabla para la tabla `subtema`
--

CREATE TABLE `subtema` (
  `idsubtema` smallint(5) UNSIGNED NOT NULL,
  `nombre_subtema` varchar(150) NOT NULL,
  `rel_idtema` smallint(4) UNSIGNED NOT NULL
) ENGINE=InnoDB DEFAULT CHARSET=utf8mb4;

--
-- Volcado de datos para la tabla `subtema`
--

INSERT INTO `subtema` (`idsubtema`, `nombre_subtema`, `rel_idtema`) VALUES
(1, 'Estatutos de organizaciones políticas – Ley 1096', 1),
(2, 'Competencias del TSE', 2),
(3, 'Tutela de derechos políticos', 2),
(4, 'Juzgamiento de faltas y delitos electorales', 2),
(5, 'Redistribución de escaños a nivel nacional', 3),
(6, 'Redistribución de escaños a nivel departamental', 3),
(7, 'Redistribución del número de concejales del municipio', 3),
(8, 'Irregularidades del padrón', 8),
(9, 'Plataforma tecnológica del padrón', 8),
(10, 'Inclusión de poblaciones indígenas', 8),
(11, 'Intercambio de información con el SEGIP', 8),
(12, 'Cartografía electoral', 4),
(13, 'Delimitación de circunscripciones', 4),
(14, 'Selección y capacitación de notarios', 9),
(15, 'Capacitación de jurados electorales', 9),
(16, 'Estrategia de educación cívica y ciudadana', 9),
(17, 'Papel de los medios de comunicación en campaña electoral', 9),
(18, 'Financiamiento en etapas electorales y no electorales', 10),
(19, 'Procedimientos para el traslado de actas', 7),
(20, 'Procedimientos para el juzgamiento de actas', 7),
(21, 'Plazos para entrega de resultados', 7),
(22, 'Fechas de presentación de candidaturas e inhabilitaciones', 6),
(23, 'Sanciones por la difusión de encuestas electorales', 5),
(24, 'Requisitos de habilitación de empresas encuestadoras', 5);

-- --------------------------------------------------------

--
-- Estructura de tabla para la tabla `tema`
--

CREATE TABLE `tema` (
  `idtema` smallint(4) UNSIGNED NOT NULL,
  `nombre_tema` varchar(150) NOT NULL,
  `rel_idcuestionario` smallint(2) UNSIGNED NOT NULL,
  `rel_idusuario` int(11) UNSIGNED NOT NULL
) ENGINE=InnoDB DEFAULT CHARSET=utf8mb4;

--
-- Volcado de datos para la tabla `tema`
--

INSERT INTO `tema` (`idtema`, `nombre_tema`, `rel_idcuestionario`, `rel_idusuario`) VALUES
(1, 'Presentacion de Estatutos de organizaciones politicas', 1, 1),
(2, 'Competencias Jurisdicionales del TSE', 1, 1),
(3, 'Redistribuicion de Escaños', 1, 1),
(4, 'Circunscripciones uninominales', 1, 1),
(5, 'Difusion de encuestas', 1, 1),
(6, 'Inhabilitacion de candidatos', 1, 1),
(7, 'Computo departamental', 1, 1),
(8, 'Padron Electoral', 1, 1),
(9, 'Procedimientos Tecnico Electorales', 1, 1),
(10, 'Financiamiento politico y partidario', 1, 1);

-- --------------------------------------------------------

--
-- Estructura de tabla para la tabla `tipo_medio`
--

CREATE TABLE `tipo_medio` (
  `idtipomedio` smallint(3) UNSIGNED NOT NULL,
  `nombre_tipo` varchar(40) NOT NULL
) ENGINE=InnoDB DEFAULT CHARSET=utf8mb4;

--
-- Volcado de datos para la tabla `tipo_medio`
--

INSERT INTO `tipo_medio` (`idtipomedio`, `nombre_tipo`) VALUES
(1, 'Pagina de Red Social'),
(2, 'Canal de Television'),
(3, 'Emisora Radial'),
(4, 'Prensa Escrita');

-- --------------------------------------------------------

--
-- Estructura de tabla para la tabla `users`
--

CREATE TABLE `users` (
  `id` int(11) UNSIGNED NOT NULL,
  `ip_address` varchar(45) NOT NULL,
  `username` varchar(100) DEFAULT NULL,
  `password` varchar(255) NOT NULL,
  `email` varchar(254) NOT NULL,
  `activation_selector` varchar(255) DEFAULT NULL,
  `activation_code` varchar(255) DEFAULT NULL,
  `forgotten_password_selector` varchar(255) DEFAULT NULL,
  `forgotten_password_code` varchar(255) DEFAULT NULL,
  `forgotten_password_time` int(11) UNSIGNED DEFAULT NULL,
  `remember_selector` varchar(255) DEFAULT NULL,
  `remember_code` varchar(255) DEFAULT NULL,
  `created_on` int(11) UNSIGNED NOT NULL,
  `last_login` int(11) UNSIGNED DEFAULT NULL,
  `active` tinyint(1) UNSIGNED DEFAULT NULL,
  `first_name` varchar(50) DEFAULT NULL,
  `last_name` varchar(50) DEFAULT NULL,
  `company` varchar(100) DEFAULT NULL,
  `phone` varchar(20) DEFAULT NULL,
  `carnet_identidad` varchar(20) DEFAULT NULL,
  `geolocalizacion` varchar(250) DEFAULT NULL,
  `rel_iddepartamento` smallint(3) UNSIGNED NOT NULL,
  `direccion` varchar(255) DEFAULT NULL
) ENGINE=InnoDB DEFAULT CHARSET=utf8;

--
-- Volcado de datos para la tabla `users`
--

INSERT INTO `users` (`id`, `ip_address`, `username`, `password`, `email`, `activation_selector`, `activation_code`, `forgotten_password_selector`, `forgotten_password_code`, `forgotten_password_time`, `remember_selector`, `remember_code`, `created_on`, `last_login`, `active`, `first_name`, `last_name`, `company`, `phone`, `carnet_identidad`, `geolocalizacion`, `rel_iddepartamento`, `direccion`) VALUES
(1, '127.0.0.1', 'admin', '$2y$12$bGXrgAr0ErDJt2ICW/f2v.6M1LOI2l6KqFvj9Ot0rLPGdYy8h2sle', 'admin@admin.com', NULL, '', NULL, NULL, NULL, NULL, NULL, 1268889823, 1625250471, 1, 'Admin', 'istrator', 'ADMIN', '0', '0', 'geolocalizacion', 1, NULL),
(2, '127.0.0.1', 'marcelo', '$2y$10$cvMbrdm9qpYyudrwhq3mu.yimTBsIywbbXoNEu4bRo4oRm82RGtye', 'MRolqueza@gmail.com', NULL, NULL, NULL, NULL, NULL, NULL, NULL, 1625062770, 1625257650, 1, 'Marcelo', 'Rolqueza', NULL, NULL, '4834568', 'GEOLOCALIZACION', 5, 'Mariano Colodro #1447'),
(3, '127.0.0.1', 'albert', '$2y$10$viKV5QXqqrNbc5MMPx8kyuXLOWDMjYU5uLBlgGhjwqM3C0H9vFtT6', 'albert@gmail.com', NULL, NULL, NULL, NULL, NULL, NULL, NULL, 1625062902, NULL, 1, 'Alberto', 'Cruzo', NULL, NULL, '4444444', '4.5', 7, 'Calle Montes #5555');

-- --------------------------------------------------------

--
-- Estructura de tabla para la tabla `users_groups`
--

CREATE TABLE `users_groups` (
  `id` int(11) UNSIGNED NOT NULL,
  `user_id` int(11) UNSIGNED NOT NULL,
  `group_id` mediumint(8) UNSIGNED NOT NULL
) ENGINE=InnoDB DEFAULT CHARSET=utf8;

--
-- Volcado de datos para la tabla `users_groups`
--

INSERT INTO `users_groups` (`id`, `user_id`, `group_id`) VALUES
(1, 1, 1),
(2, 1, 2),
(3, 1, 3),
(4, 2, 2),
(5, 3, 3);

--
-- Índices para tablas volcadas
--

--
-- Indices de la tabla `actor`
--
ALTER TABLE `actor`
  ADD PRIMARY KEY (`idactor`);

--
-- Indices de la tabla `ci_sessions`
--
ALTER TABLE `ci_sessions`
  ADD PRIMARY KEY (`id`),
  ADD KEY `ci_sessions_timestamp` (`timestamp`);

--
-- Indices de la tabla `cuestionario`
--
ALTER TABLE `cuestionario`
  ADD PRIMARY KEY (`idcuestionario`);

--
-- Indices de la tabla `departamento`
--
ALTER TABLE `departamento`
  ADD PRIMARY KEY (`iddepartamento`);

--
-- Indices de la tabla `groups`
--
ALTER TABLE `groups`
  ADD PRIMARY KEY (`id`);

--
-- Indices de la tabla `login_attempts`
--
ALTER TABLE `login_attempts`
  ADD PRIMARY KEY (`id`);

--
-- Indices de la tabla `medio_comunicacion`
--
ALTER TABLE `medio_comunicacion`
  ADD PRIMARY KEY (`idmedio`),
  ADD KEY `FK_mediocomunicaciontipo` (`rel_idtipomedio`);

--
-- Indices de la tabla `medio_departamento`
--
ALTER TABLE `medio_departamento`
  ADD PRIMARY KEY (`idmediodepartamento`),
  ADD KEY `FK_mediodepartamento` (`rel_idmedio`),
  ADD KEY `FK_departamentomedio` (`rel_iddepartamento`);

--
-- Indices de la tabla `noticia`
--
ALTER TABLE `noticia`
  ADD PRIMARY KEY (`idnoticia`),
  ADD KEY `FK_actornoticia` (`rel_idactor`),
  ADD KEY `FK_subtemanoticia` (`rel_idsubtema`);

--
-- Indices de la tabla `subtema`
--
ALTER TABLE `subtema`
  ADD PRIMARY KEY (`idsubtema`),
  ADD KEY `rel_idtema` (`rel_idtema`);

--
-- Indices de la tabla `tema`
--
ALTER TABLE `tema`
  ADD PRIMARY KEY (`idtema`),
  ADD KEY `fk_cuestionariotema` (`rel_idcuestionario`),
  ADD KEY `fk_usuario_tema` (`rel_idusuario`);

--
-- Indices de la tabla `tipo_medio`
--
ALTER TABLE `tipo_medio`
  ADD PRIMARY KEY (`idtipomedio`);

--
-- Indices de la tabla `users`
--
ALTER TABLE `users`
  ADD PRIMARY KEY (`id`),
  ADD UNIQUE KEY `uc_email` (`email`),
  ADD UNIQUE KEY `uc_activation_selector` (`activation_selector`),
  ADD UNIQUE KEY `uc_forgotten_password_selector` (`forgotten_password_selector`),
  ADD UNIQUE KEY `uc_remember_selector` (`remember_selector`);

--
-- Indices de la tabla `users_groups`
--
ALTER TABLE `users_groups`
  ADD PRIMARY KEY (`id`),
  ADD UNIQUE KEY `uc_users_groups` (`user_id`,`group_id`),
  ADD KEY `fk_users_groups_users1_idx` (`user_id`),
  ADD KEY `fk_users_groups_groups1_idx` (`group_id`);

--
-- AUTO_INCREMENT de las tablas volcadas
--

--
-- AUTO_INCREMENT de la tabla `actor`
--
ALTER TABLE `actor`
  MODIFY `idactor` smallint(4) UNSIGNED NOT NULL AUTO_INCREMENT, AUTO_INCREMENT=11;

--
-- AUTO_INCREMENT de la tabla `cuestionario`
--
ALTER TABLE `cuestionario`
  MODIFY `idcuestionario` smallint(2) UNSIGNED NOT NULL AUTO_INCREMENT, AUTO_INCREMENT=3;

--
-- AUTO_INCREMENT de la tabla `departamento`
--
ALTER TABLE `departamento`
  MODIFY `iddepartamento` smallint(3) UNSIGNED NOT NULL AUTO_INCREMENT, AUTO_INCREMENT=14;

--
-- AUTO_INCREMENT de la tabla `groups`
--
ALTER TABLE `groups`
  MODIFY `id` mediumint(8) UNSIGNED NOT NULL AUTO_INCREMENT, AUTO_INCREMENT=4;

--
-- AUTO_INCREMENT de la tabla `login_attempts`
--
ALTER TABLE `login_attempts`
  MODIFY `id` int(11) UNSIGNED NOT NULL AUTO_INCREMENT, AUTO_INCREMENT=2;

--
-- AUTO_INCREMENT de la tabla `medio_comunicacion`
--
ALTER TABLE `medio_comunicacion`
  MODIFY `idmedio` smallint(5) UNSIGNED NOT NULL AUTO_INCREMENT, AUTO_INCREMENT=12;

--
-- AUTO_INCREMENT de la tabla `medio_departamento`
--
ALTER TABLE `medio_departamento`
  MODIFY `idmediodepartamento` int(11) UNSIGNED NOT NULL AUTO_INCREMENT, AUTO_INCREMENT=8;

--
-- AUTO_INCREMENT de la tabla `noticia`
--
ALTER TABLE `noticia`
  MODIFY `idnoticia` int(11) UNSIGNED NOT NULL AUTO_INCREMENT, AUTO_INCREMENT=3;

--
-- AUTO_INCREMENT de la tabla `subtema`
--
ALTER TABLE `subtema`
  MODIFY `idsubtema` smallint(5) UNSIGNED NOT NULL AUTO_INCREMENT, AUTO_INCREMENT=25;

--
-- AUTO_INCREMENT de la tabla `tema`
--
ALTER TABLE `tema`
  MODIFY `idtema` smallint(4) UNSIGNED NOT NULL AUTO_INCREMENT, AUTO_INCREMENT=11;

--
-- AUTO_INCREMENT de la tabla `tipo_medio`
--
ALTER TABLE `tipo_medio`
  MODIFY `idtipomedio` smallint(3) UNSIGNED NOT NULL AUTO_INCREMENT, AUTO_INCREMENT=6;

--
-- AUTO_INCREMENT de la tabla `users`
--
ALTER TABLE `users`
  MODIFY `id` int(11) UNSIGNED NOT NULL AUTO_INCREMENT, AUTO_INCREMENT=4;

--
-- AUTO_INCREMENT de la tabla `users_groups`
--
ALTER TABLE `users_groups`
  MODIFY `id` int(11) UNSIGNED NOT NULL AUTO_INCREMENT, AUTO_INCREMENT=6;

--
-- Restricciones para tablas volcadas
--

--
-- Filtros para la tabla `medio_comunicacion`
--
ALTER TABLE `medio_comunicacion`
  ADD CONSTRAINT `FK_mediocomunicaciontipo` FOREIGN KEY (`rel_idtipomedio`) REFERENCES `tipo_medio` (`idtipomedio`);

--
-- Filtros para la tabla `medio_departamento`
--
ALTER TABLE `medio_departamento`
  ADD CONSTRAINT `FK_departamentomedio` FOREIGN KEY (`rel_iddepartamento`) REFERENCES `departamento` (`iddepartamento`),
  ADD CONSTRAINT `FK_mediodepartamento` FOREIGN KEY (`rel_idmedio`) REFERENCES `medio_comunicacion` (`idmedio`);

--
-- Filtros para la tabla `noticia`
--
ALTER TABLE `noticia`
  ADD CONSTRAINT `FK_actornoticia` FOREIGN KEY (`rel_idactor`) REFERENCES `actor` (`idactor`),
  ADD CONSTRAINT `FK_subtemanoticia` FOREIGN KEY (`rel_idsubtema`) REFERENCES `subtema` (`idsubtema`);

--
-- Filtros para la tabla `subtema`
--
ALTER TABLE `subtema`
  ADD CONSTRAINT `subtema_ibfk_1` FOREIGN KEY (`rel_idtema`) REFERENCES `tema` (`idtema`);

--
-- Filtros para la tabla `tema`
--
ALTER TABLE `tema`
  ADD CONSTRAINT `fk_cuestionariotema` FOREIGN KEY (`rel_idcuestionario`) REFERENCES `cuestionario` (`idcuestionario`),
  ADD CONSTRAINT `fk_usuario_tema` FOREIGN KEY (`rel_idusuario`) REFERENCES `users` (`id`);

--
-- Filtros para la tabla `users_groups`
--
ALTER TABLE `users_groups`
  ADD CONSTRAINT `fk_users_groups_groups1` FOREIGN KEY (`group_id`) REFERENCES `groups` (`id`) ON DELETE CASCADE ON UPDATE NO ACTION,
  ADD CONSTRAINT `fk_users_groups_users1` FOREIGN KEY (`user_id`) REFERENCES `users` (`id`) ON DELETE CASCADE ON UPDATE NO ACTION;
COMMIT;

/*!40101 SET CHARACTER_SET_CLIENT=@OLD_CHARACTER_SET_CLIENT */;
/*!40101 SET CHARACTER_SET_RESULTS=@OLD_CHARACTER_SET_RESULTS */;
/*!40101 SET COLLATION_CONNECTION=@OLD_COLLATION_CONNECTION */;
