-- phpMyAdmin SQL Dump
-- version 5.1.1
-- https://www.phpmyadmin.net/
--
-- Servidor: localhost
-- Tiempo de generación: 23-07-2021 a las 14:27:33
-- Versión del servidor: 10.4.19-MariaDB
-- Versión de PHP: 7.4.20

SET SQL_MODE = "NO_AUTO_VALUE_ON_ZERO";
START TRANSACTION;
SET time_zone = "+00:00";


/*!40101 SET @OLD_CHARACTER_SET_CLIENT=@@CHARACTER_SET_CLIENT */;
/*!40101 SET @OLD_CHARACTER_SET_RESULTS=@@CHARACTER_SET_RESULTS */;
/*!40101 SET @OLD_COLLATION_CONNECTION=@@COLLATION_CONNECTION */;
/*!40101 SET NAMES utf8mb4 */;

--
-- Base de datos: `ocdmonitor`
--

-- --------------------------------------------------------

--
-- Estructura de tabla para la tabla `actor`
--

CREATE TABLE `actor` (
  `idactor` smallint(4) UNSIGNED NOT NULL,
  `nombre_actor` varchar(150) NOT NULL
) ENGINE=InnoDB DEFAULT CHARSET=utf8mb4;

--
-- Volcado de datos para la tabla `actor`
--

INSERT INTO `actor` (`idactor`, `nombre_actor`) VALUES
(1, 'Pertenece al Organo Legislativo'),
(2, 'Pertenece al Organo Ejecutivo'),
(3, 'Pertenece al Organo Judicial'),
(4, 'Pertenece al Organo Electoral'),
(5, 'Pertenece a un partido politico'),
(6, 'Pertenece a la sociedad civil'),
(7, 'Pertenece al Organo Ejecutivo Departamental'),
(8, 'Pertenece al Organo Legislativo Departamental'),
(9, 'Pertenece al Organo Ejecutivo Municipal'),
(10, 'Pertenece al Organo Legislativo Municipal');

-- --------------------------------------------------------

--
-- Estructura de tabla para la tabla `ci_sessions`
--

CREATE TABLE `ci_sessions` (
  `id` varchar(128) NOT NULL,
  `ip_address` varchar(45) NOT NULL,
  `timestamp` timestamp NOT NULL DEFAULT current_timestamp(),
  `data` blob NOT NULL
) ENGINE=InnoDB DEFAULT CHARSET=utf8mb4;

--
-- Volcado de datos para la tabla `ci_sessions`
--

INSERT INTO `ci_sessions` (`id`, `ip_address`, `timestamp`, `data`) VALUES
('0039bc6cef8e7e4094cdae9ed6f925526f6c6b12', '127.0.0.1', '0000-00-00 00:00:00', 0x5f5f63695f6c6173745f726567656e65726174657c693a313632363739333831343b6964656e746974797c733a31313a226d6f6e2d616c667265646f223b757365726e616d657c733a31313a226d6f6e2d616c667265646f223b656d61696c7c733a31373a22616c667265646f40676d61696c2e636f6d223b757365725f69647c733a313a2235223b6f6c645f6c6173745f6c6f67696e7c733a31303a2231363236373838353336223b6c6173745f636865636b7c693a313632363739303436313b736573696f6e5f6163746976617c623a313b6964646570617274616d656e746f7c733a313a2231223b646570617274616d656e746f7c733a363a224c612050617a223b65646963696f6e5f6163746976617c623a303b65735f6e756576615f6e6f74696369617c623a313b6e6f74696369615f6e756576617c4f3a383a22737464436c617373223a31393a7b733a393a2269646e6f7469636961223b733a303a22223b733a31343a2266656368615f726567697374726f223b693a313632363739323737323b733a31333a2266656368615f6e6f7469636961223b693a313632363733323030303b733a373a22746974756c6172223b733a373a22546974756c6172223b733a373a22726573756d656e223b733a31353a225061727261666f20726573756d656e223b733a31313a2275726c5f6e6f7469636961223b733a353a226874747470223b733a31313a2272656c5f69646d6564696f223b733a323a223234223b733a31383a2272656c5f69646375657374696f6e6172696f223b733a313a2231223b733a31333a2272656c5f69647573756172696f223b733a313a2235223b733a31343a226964646570617274616d656e746f223b733a303a22223b733a373a226163746f726573223b613a343a7b693a303b733a313a2231223b693a313b733a313a2235223b693a323b733a313a2239223b693a333b733a323a223130223b7d733a353a2274656d6173223b613a343a7b693a303b733a313a2231223b693a313b733a313a2235223b693a323b733a313a2238223b693a333b733a313a2230223b7d733a383a2273756274656d6173223b613a333a7b693a313b613a323a7b693a303b733a313a2231223b693a313b733a313a2230223b7d693a353b613a313a7b693a303b733a323a223234223b7d693a383b613a323a7b693a303b733a313a2239223b693a313b733a323a223131223b7d7d733a353a226d6564696f223b613a323a7b733a323a226964223b733a323a223234223b733a363a226e6f6d627265223b733a373a2252454420554e4f223b7d733a31303a227469706f5f6d6564696f223b613a323a7b733a323a226964223b733a313a2232223b733a363a226e6f6d627265223b733a32303a2243616e616c2064652054656c6576697369c3b36e223b7d733a31353a2265735f736567756e646f5f7061736f223b623a313b733a31313a2265735f707265656e76696f223b623a313b733a393a226f74726f5f74656d61223b733a33303a224f74726f2074656d61206465207265666f726d6120656c6563746f72616c223b733a31343a226f74726f735f73756274656d6173223b613a333a7b693a313b733a333a22616161223b693a353b733a333a22626262223b693a383b733a343a2263636363223b7d7d6e6f74696369615f6564697461626c657c693a31303b6e6f74696369615f696e736572747c723a31333b6e7565766f5f63317c623a303b7265666f726d617c613a303a7b7d6e7565766f5f63327c623a303b696e73747c613a303a7b7d),
('023801d5eccd8356b253fc8c102fc29a69c814aa', '127.0.0.1', '0000-00-00 00:00:00', 0x5f5f63695f6c6173745f726567656e65726174657c693a313632363830353437343b6964656e746974797c733a31323a2261646d2d77696c667265646f223b757365726e616d657c733a31323a2261646d2d77696c667265646f223b656d61696c7c733a31333a2257696c6c4077696c6c2e636f6d223b757365725f69647c733a323a223532223b6f6c645f6c6173745f6c6f67696e7c733a31303a2231363236383035333231223b6c6173745f636865636b7c693a313632363830353437343b),
('04157e8f2d94b2ed7a2f034228d74fa8cbbc503b', '127.0.0.1', '0000-00-00 00:00:00', 0x5f5f63695f6c6173745f726567656e65726174657c693a313632373031313837303b6964656e746974797c733a31313a226d6f6e2d616c667265646f223b757365726e616d657c733a31313a226d6f6e2d616c667265646f223b656d61696c7c733a31373a22616c667265646f40676d61696c2e636f6d223b757365725f69647c733a313a2235223b6f6c645f6c6173745f6c6f67696e7c733a31303a2231363236383035353033223b6c6173745f636865636b7c693a313632373031313837303b),
('058d85316e659e96c772643ca2c18568b284a1fb', '127.0.0.1', '0000-00-00 00:00:00', 0x5f5f63695f6c6173745f726567656e65726174657c693a313632363738383139363b6964656e746974797c733a31313a226d6f6e2d616c667265646f223b757365726e616d657c733a31313a226d6f6e2d616c667265646f223b656d61696c7c733a31373a22616c667265646f40676d61696c2e636f6d223b757365725f69647c733a313a2235223b6f6c645f6c6173745f6c6f67696e7c733a31303a2231363236373735353433223b6c6173745f636865636b7c693a313632363738363836393b736573696f6e5f6163746976617c623a313b6964646570617274616d656e746f7c733a313a2231223b646570617274616d656e746f7c733a363a224c612050617a223b65646963696f6e5f6163746976617c623a303b65735f6e756576615f6e6f74696369617c623a313b6e6f74696369615f6e756576617c4f3a383a22737464436c617373223a31383a7b733a393a2269646e6f7469636961223b733a303a22223b733a31343a2266656368615f726567697374726f223b733a303a22223b733a31333a2266656368615f6e6f7469636961223b693a313632353039303430303b733a373a22746974756c6172223b733a373a22546974756c6172223b733a373a22726573756d656e223b733a31353a225061727261666f20726573756d656e223b733a31313a2275726c5f6e6f7469636961223b733a353a226874747470223b733a31313a2272656c5f69646d6564696f223b733a323a223233223b733a31383a2272656c5f69646375657374696f6e6172696f223b733a313a2231223b733a31333a2272656c5f69647573756172696f223b733a313a2235223b733a31343a226964646570617274616d656e746f223b733a303a22223b733a373a226163746f726573223b613a333a7b693a303b733a313a2231223b693a313b733a313a2235223b693a323b733a323a223130223b7d733a353a2274656d6173223b613a333a7b693a303b733a313a2231223b693a313b733a313a2236223b693a323b733a313a2230223b7d733a383a2273756274656d6173223b613a303a7b7d733a353a226d6564696f223b613a323a7b733a323a226964223b733a323a223233223b733a363a226e6f6d627265223b733a333a22415442223b7d733a31303a227469706f5f6d6564696f223b613a323a7b733a323a226964223b733a313a2232223b733a363a226e6f6d627265223b733a32303a2243616e616c2064652054656c6576697369c3b36e223b7d733a31353a2265735f736567756e646f5f7061736f223b623a313b733a31313a2265735f707265656e76696f223b623a303b733a393a226f74726f5f74656d61223b733a32373a224f74726f2074656d61207265666f726d6120656c6563746f72616c223b7d6e6f74696369615f6564697461626c657c693a31303b),
('072615798468fdf2838497941e9a7d4ed6980066', '127.0.0.1', '0000-00-00 00:00:00', 0x5f5f63695f6c6173745f726567656e65726174657c693a313632363737383139303b6964656e746974797c733a31313a226d6f6e2d616c667265646f223b757365726e616d657c733a31313a226d6f6e2d616c667265646f223b656d61696c7c733a31373a22616c667265646f40676d61696c2e636f6d223b757365725f69647c733a313a2235223b6f6c645f6c6173745f6c6f67696e7c733a31303a2231363236373537333032223b6c6173745f636865636b7c693a313632363737353534333b736573696f6e5f6163746976617c623a313b6964646570617274616d656e746f7c733a313a2231223b646570617274616d656e746f7c733a363a224c612050617a223b65646963696f6e5f6163746976617c623a303b65735f6e756576615f6e6f74696369617c623a313b6e6f74696369615f6e756576617c4f3a383a22737464436c617373223a31383a7b733a393a2269646e6f7469636961223b733a303a22223b733a31343a2266656368615f726567697374726f223b733a303a22223b733a31333a2266656368615f6e6f7469636961223b693a313632363733323030303b733a373a22746974756c6172223b733a373a22546974756c6172223b733a373a22726573756d656e223b733a31353a225061727261666f20726573756d656e223b733a31313a2275726c5f6e6f7469636961223b733a353a226874747470223b733a31313a2272656c5f69646d6564696f223b733a323a223338223b733a31383a2272656c5f69646375657374696f6e6172696f223b733a313a2231223b733a31333a2272656c5f69647573756172696f223b733a313a2235223b733a31343a226964646570617274616d656e746f223b733a303a22223b733a373a226163746f726573223b613a333a7b693a303b733a313a2231223b693a313b733a313a2235223b693a323b733a323a223130223b7d733a353a2274656d6173223b613a343a7b693a303b733a313a2231223b693a313b733a313a2234223b693a323b733a313a2237223b693a333b733a313a2230223b7d733a383a2273756274656d6173223b613a303a7b7d733a353a226d6564696f223b613a323a7b733a323a226964223b733a323a223338223b733a363a226e6f6d627265223b733a31323a2250414e414d45524943414e41223b7d733a31303a227469706f5f6d6564696f223b613a323a7b733a323a226964223b733a313a2233223b733a363a226e6f6d627265223b733a31343a22456d69736f72612072616469616c223b7d733a31353a2265735f736567756e646f5f7061736f223b623a313b733a31313a2265735f707265656e76696f223b623a303b733a393a226f74726f5f74656d61223b733a383a224f54524f20524553223b7d6e6f74696369615f6564697461626c657c693a31303b),
('07426a18961e23dbbb5340fbc9a29b0c225054c0', '127.0.0.1', '0000-00-00 00:00:00', 0x5f5f63695f6c6173745f726567656e65726174657c693a313632363737383530383b6964656e746974797c733a31313a226d6f6e2d616c667265646f223b757365726e616d657c733a31313a226d6f6e2d616c667265646f223b656d61696c7c733a31373a22616c667265646f40676d61696c2e636f6d223b757365725f69647c733a313a2235223b6f6c645f6c6173745f6c6f67696e7c733a31303a2231363236373537333032223b6c6173745f636865636b7c693a313632363737353534333b736573696f6e5f6163746976617c623a313b6964646570617274616d656e746f7c733a313a2231223b646570617274616d656e746f7c733a363a224c612050617a223b65646963696f6e5f6163746976617c623a303b65735f6e756576615f6e6f74696369617c623a313b6e6f74696369615f6e756576617c4f3a383a22737464436c617373223a31383a7b733a393a2269646e6f7469636961223b733a303a22223b733a31343a2266656368615f726567697374726f223b733a303a22223b733a31333a2266656368615f6e6f7469636961223b693a313632363733323030303b733a373a22746974756c6172223b733a373a22546974756c6172223b733a373a22726573756d656e223b733a31353a225061727261666f20726573756d656e223b733a31313a2275726c5f6e6f7469636961223b733a353a226874747470223b733a31313a2272656c5f69646d6564696f223b733a323a223338223b733a31383a2272656c5f69646375657374696f6e6172696f223b733a313a2231223b733a31333a2272656c5f69647573756172696f223b733a313a2235223b733a31343a226964646570617274616d656e746f223b733a303a22223b733a373a226163746f726573223b613a333a7b693a303b733a313a2231223b693a313b733a313a2235223b693a323b733a323a223130223b7d733a353a2274656d6173223b613a343a7b693a303b733a313a2231223b693a313b733a313a2234223b693a323b733a313a2237223b693a333b733a313a2230223b7d733a383a2273756274656d6173223b613a303a7b7d733a353a226d6564696f223b613a323a7b733a323a226964223b733a323a223338223b733a363a226e6f6d627265223b733a31323a2250414e414d45524943414e41223b7d733a31303a227469706f5f6d6564696f223b613a323a7b733a323a226964223b733a313a2233223b733a363a226e6f6d627265223b733a31343a22456d69736f72612072616469616c223b7d733a31353a2265735f736567756e646f5f7061736f223b623a313b733a31313a2265735f707265656e76696f223b623a303b733a393a226f74726f5f74656d61223b733a383a224f54524f20524553223b7d6e6f74696369615f6564697461626c657c693a31303b),
('09b7879bbb749e0d07f4dda8ca91649174aaa307', '127.0.0.1', '0000-00-00 00:00:00', 0x5f5f63695f6c6173745f726567656e65726174657c693a313632363732393535353b6964656e746974797c733a31313a226d6f6e2d616c667265646f223b757365726e616d657c733a31313a226d6f6e2d616c667265646f223b656d61696c7c733a31373a22616c667265646f40676d61696c2e636f6d223b757365725f69647c733a313a2235223b6f6c645f6c6173745f6c6f67696e7c733a31303a2231363236373237313134223b6c6173745f636865636b7c693a313632363732373233303b736573696f6e5f6163746976617c623a313b6964646570617274616d656e746f7c733a313a2231223b646570617274616d656e746f7c733a363a224c612050617a223b65646963696f6e5f6163746976617c623a303b65735f6e756576615f6e6f74696369617c623a313b6e6f74696369615f6e756576617c4f3a383a22737464436c617373223a31383a7b733a393a2269646e6f7469636961223b733a303a22223b733a31343a2266656368615f726567697374726f223b733a303a22223b733a31333a2266656368615f6e6f7469636961223b733a31303a22323032312d30372d3232223b733a373a22746974756c6172223b733a373a22546974756c6172223b733a373a22726573756d656e223b733a31353a225061727261666f20726573756d656e223b733a31313a2275726c5f6e6f7469636961223b733a353a226874747470223b733a31313a2272656c5f69646d6564696f223b733a323a223437223b733a31383a2272656c5f69646375657374696f6e6172696f223b733a313a2231223b733a31333a2272656c5f69647573756172696f223b733a313a2235223b733a31343a226964646570617274616d656e746f223b733a303a22223b733a373a226163746f726573223b613a323a7b693a303b733a313a2231223b693a313b733a323a223130223b7d733a353a2274656d6173223b613a333a7b693a303b733a313a2231223b693a313b733a313a2236223b693a323b733a313a2230223b7d733a383a2273756274656d6173223b613a303a7b7d733a353a226d6564696f223b613a323a7b733a323a226964223b733a323a223437223b733a363a226e6f6d627265223b733a383a22494c4c494d414e49223b7d733a31303a227469706f5f6d6564696f223b613a323a7b733a323a226964223b733a313a2236223b733a363a226e6f6d627265223b733a31313a22526164696f20527572616c223b7d733a31353a2265735f736567756e646f5f7061736f223b623a313b733a31313a2265735f707265656e76696f223b623a303b733a393a226f74726f5f74656d61223b733a383a224f54524f20524553223b7d6e6f74696369615f6564697461626c657c693a31303b),
('09f6d4457099446a303d28a323d447f97ef48334', '127.0.0.1', '0000-00-00 00:00:00', 0x5f5f63695f6c6173745f726567656e65726174657c693a313632363731393735333b6964656e746974797c733a31313a226d6f6e2d616c667265646f223b757365726e616d657c733a31313a226d6f6e2d616c667265646f223b656d61696c7c733a31373a22616c667265646f40676d61696c2e636f6d223b757365725f69647c733a313a2235223b6f6c645f6c6173745f6c6f67696e7c733a31303a2231363236373137383438223b6c6173745f636865636b7c693a313632363731393434383b736573696f6e5f6163746976617c623a313b6964646570617274616d656e746f7c733a313a2231223b646570617274616d656e746f7c733a363a224c612050617a223b65646963696f6e5f6163746976617c623a303b65735f6e756576615f6e6f74696369617c623a313b6e6f74696369615f6e756576617c4f3a383a22737464436c617373223a31353a7b733a393a2269646e6f7469636961223b733a303a22223b733a31343a2266656368615f726567697374726f223b733a303a22223b733a31333a2266656368615f6e6f7469636961223b733a303a22223b733a373a22746974756c6172223b733a303a22223b733a373a22726573756d656e223b733a303a22223b733a31313a2275726c5f6e6f7469636961223b733a303a22223b733a31313a2272656c5f69646d6564696f223b733a303a22223b733a31383a2272656c5f69646375657374696f6e6172696f223b733a303a22223b733a31333a2272656c5f69647573756172696f223b733a303a22223b733a31343a226964646570617274616d656e746f223b733a303a22223b733a373a226163746f726573223b613a303a7b7d733a353a2274656d6173223b613a303a7b7d733a383a2273756274656d6173223b613a303a7b7d733a353a226d6564696f223b613a303a7b7d733a31303a227469706f5f6d6564696f223b613a303a7b7d7d6e6f74696369615f6564697461626c657c693a31303b),
('0b64cf536a46ff79a7ed5eda2131351f6d92964d', '127.0.0.1', '0000-00-00 00:00:00', 0x5f5f63695f6c6173745f726567656e65726174657c693a313632363738383533363b6964656e746974797c733a31313a226d6f6e2d616c667265646f223b757365726e616d657c733a31313a226d6f6e2d616c667265646f223b656d61696c7c733a31373a22616c667265646f40676d61696c2e636f6d223b757365725f69647c733a313a2235223b6f6c645f6c6173745f6c6f67696e7c733a31303a2231363236373836383639223b6c6173745f636865636b7c693a313632363738383533363b),
('0b8c9b7c896a7e98e6235aa7a58126be97c9ebba', '127.0.0.1', '0000-00-00 00:00:00', 0x5f5f63695f6c6173745f726567656e65726174657c693a313632363737383939323b6964656e746974797c733a31313a226d6f6e2d616c667265646f223b757365726e616d657c733a31313a226d6f6e2d616c667265646f223b656d61696c7c733a31373a22616c667265646f40676d61696c2e636f6d223b757365725f69647c733a313a2235223b6f6c645f6c6173745f6c6f67696e7c733a31303a2231363236373537333032223b6c6173745f636865636b7c693a313632363737353534333b736573696f6e5f6163746976617c623a313b6964646570617274616d656e746f7c733a313a2231223b646570617274616d656e746f7c733a363a224c612050617a223b65646963696f6e5f6163746976617c623a303b65735f6e756576615f6e6f74696369617c623a313b6e6f74696369615f6e756576617c4f3a383a22737464436c617373223a31383a7b733a393a2269646e6f7469636961223b733a303a22223b733a31343a2266656368615f726567697374726f223b733a303a22223b733a31333a2266656368615f6e6f7469636961223b693a313632363733323030303b733a373a22746974756c6172223b733a373a22546974756c6172223b733a373a22726573756d656e223b733a31353a225061727261666f20726573756d656e223b733a31313a2275726c5f6e6f7469636961223b733a353a226874747470223b733a31313a2272656c5f69646d6564696f223b733a323a223338223b733a31383a2272656c5f69646375657374696f6e6172696f223b733a313a2231223b733a31333a2272656c5f69647573756172696f223b733a313a2235223b733a31343a226964646570617274616d656e746f223b733a303a22223b733a373a226163746f726573223b613a333a7b693a303b733a313a2231223b693a313b733a313a2235223b693a323b733a323a223130223b7d733a353a2274656d6173223b613a343a7b693a303b733a313a2231223b693a313b733a313a2234223b693a323b733a313a2237223b693a333b733a313a2230223b7d733a383a2273756274656d6173223b613a303a7b7d733a353a226d6564696f223b613a323a7b733a323a226964223b733a323a223338223b733a363a226e6f6d627265223b733a31323a2250414e414d45524943414e41223b7d733a31303a227469706f5f6d6564696f223b613a323a7b733a323a226964223b733a313a2233223b733a363a226e6f6d627265223b733a31343a22456d69736f72612072616469616c223b7d733a31353a2265735f736567756e646f5f7061736f223b623a313b733a31313a2265735f707265656e76696f223b623a303b733a393a226f74726f5f74656d61223b733a383a224f54524f20524553223b7d6e6f74696369615f6564697461626c657c693a31303b),
('0cd47501bb7c7f4504246ca8211df3511be29e88', '127.0.0.1', '0000-00-00 00:00:00', 0x5f5f63695f6c6173745f726567656e65726174657c693a313632363739303436313b6964656e746974797c733a31313a226d6f6e2d616c667265646f223b757365726e616d657c733a31313a226d6f6e2d616c667265646f223b656d61696c7c733a31373a22616c667265646f40676d61696c2e636f6d223b757365725f69647c733a313a2235223b6f6c645f6c6173745f6c6f67696e7c733a31303a2231363236373838353336223b6c6173745f636865636b7c693a313632363739303436313b),
('0cf632bbd122cae17fd7f3353cc596f96afdef91', '127.0.0.1', '0000-00-00 00:00:00', 0x5f5f63695f6c6173745f726567656e65726174657c693a313632363732353532343b6964656e746974797c733a31313a226d6f6e2d616c667265646f223b757365726e616d657c733a31313a226d6f6e2d616c667265646f223b656d61696c7c733a31373a22616c667265646f40676d61696c2e636f6d223b757365725f69647c733a313a2235223b6f6c645f6c6173745f6c6f67696e7c733a31303a2231363236373137383438223b6c6173745f636865636b7c693a313632363731393434383b736573696f6e5f6163746976617c623a313b6964646570617274616d656e746f7c733a313a2231223b646570617274616d656e746f7c733a363a224c612050617a223b65646963696f6e5f6163746976617c623a303b65735f6e756576615f6e6f74696369617c623a313b6e6f74696369615f6e756576617c4f3a383a22737464436c617373223a31363a7b733a393a2269646e6f7469636961223b733a303a22223b733a31343a2266656368615f726567697374726f223b733a303a22223b733a31333a2266656368615f6e6f7469636961223b4e3b733a373a22746974756c6172223b4e3b733a373a22726573756d656e223b4e3b733a31313a2275726c5f6e6f7469636961223b4e3b733a31313a2272656c5f69646d6564696f223b4e3b733a31383a2272656c5f69646375657374696f6e6172696f223b4e3b733a31333a2272656c5f69647573756172696f223b4e3b733a31343a226964646570617274616d656e746f223b733a303a22223b733a373a226163746f726573223b4e3b733a353a2274656d6173223b4e3b733a383a2273756274656d6173223b613a303a7b7d733a353a226d6564696f223b613a323a7b733a323a226964223b4e3b733a363a226e6f6d627265223b4e3b7d733a31303a227469706f5f6d6564696f223b613a323a7b733a323a226964223b4e3b733a363a226e6f6d627265223b4e3b7d733a393a226f74726f5f74656d61223b4e3b7d6e6f74696369615f6564697461626c657c693a31303b),
('0e9114c5cefec5bd2c1ca8aafe75559adcb5ebc7', '127.0.0.1', '0000-00-00 00:00:00', 0x5f5f63695f6c6173745f726567656e65726174657c693a313632363735373330323b6964656e746974797c733a31313a226d6f6e2d616c667265646f223b757365726e616d657c733a31313a226d6f6e2d616c667265646f223b656d61696c7c733a31373a22616c667265646f40676d61696c2e636f6d223b757365725f69647c733a313a2235223b6f6c645f6c6173745f6c6f67696e7c733a31303a2231363236373237323330223b6c6173745f636865636b7c693a313632363735373330323b),
('13e85adbd5c696626d3d560d878cadc4758b04fb', '127.0.0.1', '0000-00-00 00:00:00', 0x5f5f63695f6c6173745f726567656e65726174657c693a313632363732353835343b6964656e746974797c733a31313a226d6f6e2d616c667265646f223b757365726e616d657c733a31313a226d6f6e2d616c667265646f223b656d61696c7c733a31373a22616c667265646f40676d61696c2e636f6d223b757365725f69647c733a313a2235223b6f6c645f6c6173745f6c6f67696e7c733a31303a2231363236373137383438223b6c6173745f636865636b7c693a313632363731393434383b736573696f6e5f6163746976617c623a313b6964646570617274616d656e746f7c733a313a2231223b646570617274616d656e746f7c733a363a224c612050617a223b65646963696f6e5f6163746976617c623a303b65735f6e756576615f6e6f74696369617c623a313b6e6f74696369615f6e756576617c4f3a383a22737464436c617373223a31363a7b733a393a2269646e6f7469636961223b733a303a22223b733a31343a2266656368615f726567697374726f223b733a303a22223b733a31333a2266656368615f6e6f7469636961223b733a31303a22323032312d30372d3134223b733a373a22746974756c6172223b733a373a22546974756c6172223b733a373a22726573756d656e223b733a31353a225061727261666f20726573756d656e223b733a31313a2275726c5f6e6f7469636961223b733a353a226874747470223b733a31313a2272656c5f69646d6564696f223b733a323a223437223b733a31383a2272656c5f69646375657374696f6e6172696f223b733a313a2231223b733a31333a2272656c5f69647573756172696f223b733a313a2235223b733a31343a226964646570617274616d656e746f223b733a303a22223b733a373a226163746f726573223b613a333a7b693a303b733a313a2231223b693a313b733a313a2236223b693a323b733a323a223130223b7d733a353a2274656d6173223b613a333a7b693a303b733a313a2231223b693a313b733a313a2236223b693a323b733a313a2230223b7d733a383a2273756274656d6173223b613a303a7b7d733a353a226d6564696f223b613a323a7b733a323a226964223b733a323a223437223b733a363a226e6f6d627265223b733a383a22494c4c494d414e49223b7d733a31303a227469706f5f6d6564696f223b613a323a7b733a323a226964223b733a313a2236223b733a363a226e6f6d627265223b733a31313a22526164696f20527572616c223b7d733a393a226f74726f5f74656d61223b733a31343a2250617261206f74726f2074656d61223b7d6e6f74696369615f6564697461626c657c693a31303b),
('148a2d93aa01c9a9428c2e40ba42194f8f3acdf3', '127.0.0.1', '0000-00-00 00:00:00', 0x5f5f63695f6c6173745f726567656e65726174657c693a313632363830343830323b6964656e746974797c733a31313a226d6f6e2d616c667265646f223b757365726e616d657c733a31313a226d6f6e2d616c667265646f223b656d61696c7c733a31373a22616c667265646f40676d61696c2e636f6d223b757365725f69647c733a313a2235223b6f6c645f6c6173745f6c6f67696e7c733a31303a2231363236383032333830223b6c6173745f636865636b7c693a313632363830333538363b736573696f6e5f6163746976617c623a313b6964646570617274616d656e746f7c733a313a2231223b646570617274616d656e746f7c733a363a224c612050617a223b65646963696f6e5f6163746976617c623a303b65735f6e756576615f6e6f74696369617c623a303b65735f6e756576615f6e6f7469636961317c623a303b6e7565766f5f666f726d7c693a303b6e6f74696369615f6e756576617c613a303a7b7d6e6f74696369615f6e75657661317c613a303a7b7d6e6f74696369615f6564697461626c657c693a31303b),
('152c351dc957679d042ec97a46f2bb285c6cea3b', '127.0.0.1', '0000-00-00 00:00:00', 0x5f5f63695f6c6173745f726567656e65726174657c693a313632363830373838313b6964656e746974797c733a31323a2261646d2d77696c667265646f223b757365726e616d657c733a31323a2261646d2d77696c667265646f223b656d61696c7c733a31333a2257696c6c4077696c6c2e636f6d223b757365725f69647c733a323a223532223b6f6c645f6c6173745f6c6f67696e7c733a31303a2231363236383035343734223b6c6173745f636865636b7c693a313632363830353836353b736573696f6e5f6163746976617c623a313b6964646570617274616d656e746f7c733a313a2231223b646570617274616d656e746f7c733a363a224c612050617a223b65646963696f6e5f6163746976617c623a303b65735f6e756576615f6e6f74696369617c623a303b65735f6e756576615f6e6f7469636961317c623a303b6e7565766f5f666f726d7c693a303b6e6f74696369615f6e756576617c613a303a7b7d6e6f74696369615f6e75657661317c613a303a7b7d6e6f74696369615f6564697461626c657c693a31303b),
('19f833267e1468b2bbd7278305bb0e4010348a0b', '127.0.0.1', '0000-00-00 00:00:00', 0x5f5f63695f6c6173745f726567656e65726174657c693a313632363739343539323b6964656e746974797c733a31313a226d6f6e2d616c667265646f223b757365726e616d657c733a31313a226d6f6e2d616c667265646f223b656d61696c7c733a31373a22616c667265646f40676d61696c2e636f6d223b757365725f69647c733a313a2235223b6f6c645f6c6173745f6c6f67696e7c733a31303a2231363236373838353336223b6c6173745f636865636b7c693a313632363739303436313b736573696f6e5f6163746976617c623a313b6964646570617274616d656e746f7c733a313a2231223b646570617274616d656e746f7c733a363a224c612050617a223b65646963696f6e5f6163746976617c623a303b65735f6e756576615f6e6f74696369617c623a313b6e6f74696369615f6e756576617c4f3a383a22737464436c617373223a31393a7b733a393a2269646e6f7469636961223b733a303a22223b733a31343a2266656368615f726567697374726f223b693a313632363739323737323b733a31333a2266656368615f6e6f7469636961223b693a313632363733323030303b733a373a22746974756c6172223b733a373a22546974756c6172223b733a373a22726573756d656e223b733a31353a225061727261666f20726573756d656e223b733a31313a2275726c5f6e6f7469636961223b733a353a226874747470223b733a31313a2272656c5f69646d6564696f223b733a323a223234223b733a31383a2272656c5f69646375657374696f6e6172696f223b733a313a2231223b733a31333a2272656c5f69647573756172696f223b733a313a2235223b733a31343a226964646570617274616d656e746f223b733a303a22223b733a373a226163746f726573223b613a343a7b693a303b733a313a2231223b693a313b733a313a2235223b693a323b733a313a2239223b693a333b733a323a223130223b7d733a353a2274656d6173223b613a343a7b693a303b733a313a2231223b693a313b733a313a2235223b693a323b733a313a2238223b693a333b733a313a2230223b7d733a383a2273756274656d6173223b613a333a7b693a313b613a323a7b693a303b733a313a2231223b693a313b733a313a2230223b7d693a353b613a313a7b693a303b733a323a223234223b7d693a383b613a323a7b693a303b733a313a2239223b693a313b733a323a223131223b7d7d733a353a226d6564696f223b613a323a7b733a323a226964223b733a323a223234223b733a363a226e6f6d627265223b733a373a2252454420554e4f223b7d733a31303a227469706f5f6d6564696f223b613a323a7b733a323a226964223b733a313a2232223b733a363a226e6f6d627265223b733a32303a2243616e616c2064652054656c6576697369c3b36e223b7d733a31353a2265735f736567756e646f5f7061736f223b623a313b733a31313a2265735f707265656e76696f223b623a313b733a393a226f74726f5f74656d61223b733a33303a224f74726f2074656d61206465207265666f726d6120656c6563746f72616c223b733a31343a226f74726f735f73756274656d6173223b613a333a7b693a313b733a333a22616161223b693a353b733a333a22626262223b693a383b733a343a2263636363223b7d7d6e6f74696369615f6564697461626c657c693a31303b6e6f74696369615f696e736572747c723a31333b6e7565766f5f63317c623a303b7265666f726d617c613a303a7b7d6e7565766f5f63327c623a303b696e73747c613a303a7b7d),
('1aff359176eadd3ece66c7d68c28a6094213f88f', '127.0.0.1', '0000-00-00 00:00:00', 0x5f5f63695f6c6173745f726567656e65726174657c693a313632363739323230393b6964656e746974797c733a31313a226d6f6e2d616c667265646f223b757365726e616d657c733a31313a226d6f6e2d616c667265646f223b656d61696c7c733a31373a22616c667265646f40676d61696c2e636f6d223b757365725f69647c733a313a2235223b6f6c645f6c6173745f6c6f67696e7c733a31303a2231363236373838353336223b6c6173745f636865636b7c693a313632363739303436313b736573696f6e5f6163746976617c623a313b6964646570617274616d656e746f7c733a313a2231223b646570617274616d656e746f7c733a363a224c612050617a223b65646963696f6e5f6163746976617c623a303b65735f6e756576615f6e6f74696369617c623a313b6e6f74696369615f6e756576617c4f3a383a22737464436c617373223a31383a7b733a393a2269646e6f7469636961223b733a303a22223b733a31343a2266656368615f726567697374726f223b733a303a22223b733a31333a2266656368615f6e6f7469636961223b693a313632363733323030303b733a373a22746974756c6172223b733a373a22546974756c6172223b733a373a22726573756d656e223b733a31353a225061727261666f20726573756d656e223b733a31313a2275726c5f6e6f7469636961223b733a353a226874747470223b733a31313a2272656c5f69646d6564696f223b733a323a223234223b733a31383a2272656c5f69646375657374696f6e6172696f223b733a313a2231223b733a31333a2272656c5f69647573756172696f223b733a313a2235223b733a31343a226964646570617274616d656e746f223b733a303a22223b733a373a226163746f726573223b613a343a7b693a303b733a313a2231223b693a313b733a313a2235223b693a323b733a313a2239223b693a333b733a323a223130223b7d733a353a2274656d6173223b613a343a7b693a303b733a313a2231223b693a313b733a313a2235223b693a323b733a313a2238223b693a333b733a313a2230223b7d733a383a2273756274656d6173223b613a303a7b7d733a353a226d6564696f223b613a323a7b733a323a226964223b733a323a223234223b733a363a226e6f6d627265223b733a373a2252454420554e4f223b7d733a31303a227469706f5f6d6564696f223b613a323a7b733a323a226964223b733a313a2232223b733a363a226e6f6d627265223b733a32303a2243616e616c2064652054656c6576697369c3b36e223b7d733a31353a2265735f736567756e646f5f7061736f223b623a313b733a31313a2265735f707265656e76696f223b623a303b733a393a226f74726f5f74656d61223b733a33303a224f74726f2074656d61206465207265666f726d6120656c6563746f72616c223b7d6e6f74696369615f6564697461626c657c693a31303b6e6f74696369615f696e736572747c613a303a7b7d6e7565766f5f63317c623a303b7265666f726d617c613a303a7b7d6e7565766f5f63327c623a303b696e73747c613a303a7b7d),
('1b66480d4dfcc0411cbd8f980b48e1d4c4343b6a', '127.0.0.1', '0000-00-00 00:00:00', 0x5f5f63695f6c6173745f726567656e65726174657c693a313632363831323433383b6964656e746974797c733a31323a2261646d2d77696c667265646f223b757365726e616d657c733a31323a2261646d2d77696c667265646f223b656d61696c7c733a31333a2257696c6c4077696c6c2e636f6d223b757365725f69647c733a323a223532223b6f6c645f6c6173745f6c6f67696e7c733a31303a2231363236383038343239223b6c6173745f636865636b7c693a313632363831323433383b),
('1b67b26507820bdee49af4774bc35fd06412a8c2', '127.0.0.1', '0000-00-00 00:00:00', 0x5f5f63695f6c6173745f726567656e65726174657c693a313632363739353535363b6964656e746974797c733a31313a226d6f6e2d616c667265646f223b757365726e616d657c733a31313a226d6f6e2d616c667265646f223b656d61696c7c733a31373a22616c667265646f40676d61696c2e636f6d223b757365725f69647c733a313a2235223b6f6c645f6c6173745f6c6f67696e7c733a31303a2231363236373935333532223b6c6173745f636865636b7c693a313632363739353535363b),
('1f719e0a726d19776e025a9350bf76841506b145', '127.0.0.1', '0000-00-00 00:00:00', 0x5f5f63695f6c6173745f726567656e65726174657c693a313632363839353836383b),
('21e2c02569539a9c87b961de5e15d8aef8d355d2', '127.0.0.1', '0000-00-00 00:00:00', 0x5f5f63695f6c6173745f726567656e65726174657c693a313632363830353836353b6964656e746974797c733a31323a2261646d2d77696c667265646f223b757365726e616d657c733a31323a2261646d2d77696c667265646f223b656d61696c7c733a31333a2257696c6c4077696c6c2e636f6d223b757365725f69647c733a323a223532223b6f6c645f6c6173745f6c6f67696e7c733a31303a2231363236383035343734223b6c6173745f636865636b7c693a313632363830353836353b),
('245d778cd1234b139bdaa606fe36e59d7bcd23e9', '127.0.0.1', '0000-00-00 00:00:00', 0x5f5f63695f6c6173745f726567656e65726174657c693a313632363739313034303b6964656e746974797c733a31313a226d6f6e2d616c667265646f223b757365726e616d657c733a31313a226d6f6e2d616c667265646f223b656d61696c7c733a31373a22616c667265646f40676d61696c2e636f6d223b757365725f69647c733a313a2235223b6f6c645f6c6173745f6c6f67696e7c733a31303a2231363236373838353336223b6c6173745f636865636b7c693a313632363739303436313b736573696f6e5f6163746976617c623a313b6964646570617274616d656e746f7c733a313a2231223b646570617274616d656e746f7c733a363a224c612050617a223b65646963696f6e5f6163746976617c623a303b65735f6e756576615f6e6f74696369617c623a303b6e6f74696369615f6e756576617c613a303a7b7d6e6f74696369615f6564697461626c657c693a31303b6e6f74696369615f696e736572747c613a303a7b7d6e7565766f5f63317c623a303b7265666f726d617c613a303a7b7d6e7565766f5f63327c623a303b696e73747c613a303a7b7d),
('251e887cb722124fb162d9819ce1214a3a425ce5', '127.0.0.1', '0000-00-00 00:00:00', 0x5f5f63695f6c6173745f726567656e65726174657c693a313632373034303038353b6964656e746974797c733a31313a226d6f6e2d616c667265646f223b757365726e616d657c733a31313a226d6f6e2d616c667265646f223b656d61696c7c733a31373a22616c667265646f40676d61696c2e636f6d223b757365725f69647c733a313a2235223b6f6c645f6c6173745f6c6f67696e7c733a31303a2231363237303131383730223b6c6173745f636865636b7c693a313632373034303038353b),
('259b8043062a2dbbdcff37d5807292cc2870c5af', '127.0.0.1', '0000-00-00 00:00:00', 0x5f5f63695f6c6173745f726567656e65726174657c693a313632363830323338303b6964656e746974797c733a31313a226d6f6e2d616c667265646f223b757365726e616d657c733a31313a226d6f6e2d616c667265646f223b656d61696c7c733a31373a22616c667265646f40676d61696c2e636f6d223b757365725f69647c733a313a2235223b6f6c645f6c6173745f6c6f67696e7c733a31303a2231363236383032313733223b6c6173745f636865636b7c693a313632363830323338303b),
('2651538cefda9f103dc2088ac1d4c86a0107349c', '127.0.0.1', '0000-00-00 00:00:00', 0x5f5f63695f6c6173745f726567656e65726174657c693a313632363732333430323b6964656e746974797c733a31313a226d6f6e2d616c667265646f223b757365726e616d657c733a31313a226d6f6e2d616c667265646f223b656d61696c7c733a31373a22616c667265646f40676d61696c2e636f6d223b757365725f69647c733a313a2235223b6f6c645f6c6173745f6c6f67696e7c733a31303a2231363236373137383438223b6c6173745f636865636b7c693a313632363731393434383b736573696f6e5f6163746976617c623a313b6964646570617274616d656e746f7c733a313a2231223b646570617274616d656e746f7c733a363a224c612050617a223b65646963696f6e5f6163746976617c623a303b65735f6e756576615f6e6f74696369617c623a313b6e6f74696369615f6e756576617c4f3a383a22737464436c617373223a31353a7b733a393a2269646e6f7469636961223b733a303a22223b733a31343a2266656368615f726567697374726f223b733a303a22223b733a31333a2266656368615f6e6f7469636961223b733a303a22223b733a373a22746974756c6172223b733a303a22223b733a373a22726573756d656e223b733a303a22223b733a31313a2275726c5f6e6f7469636961223b733a303a22223b733a31313a2272656c5f69646d6564696f223b733a303a22223b733a31383a2272656c5f69646375657374696f6e6172696f223b733a303a22223b733a31333a2272656c5f69647573756172696f223b733a303a22223b733a31343a226964646570617274616d656e746f223b733a303a22223b733a373a226163746f726573223b613a303a7b7d733a353a2274656d6173223b613a303a7b7d733a383a2273756274656d6173223b613a303a7b7d733a353a226d6564696f223b613a303a7b7d733a31303a227469706f5f6d6564696f223b613a303a7b7d7d6e6f74696369615f6564697461626c657c693a31303b),
('2d625785dc8e402d7256a10da77567de76777615', '127.0.0.1', '0000-00-00 00:00:00', 0x5f5f63695f6c6173745f726567656e65726174657c693a313632363732393234333b6964656e746974797c733a31313a226d6f6e2d616c667265646f223b757365726e616d657c733a31313a226d6f6e2d616c667265646f223b656d61696c7c733a31373a22616c667265646f40676d61696c2e636f6d223b757365725f69647c733a313a2235223b6f6c645f6c6173745f6c6f67696e7c733a31303a2231363236373237313134223b6c6173745f636865636b7c693a313632363732373233303b736573696f6e5f6163746976617c623a313b6964646570617274616d656e746f7c733a313a2231223b646570617274616d656e746f7c733a363a224c612050617a223b65646963696f6e5f6163746976617c623a303b65735f6e756576615f6e6f74696369617c623a313b6e6f74696369615f6e756576617c4f3a383a22737464436c617373223a31383a7b733a393a2269646e6f7469636961223b733a303a22223b733a31343a2266656368615f726567697374726f223b733a303a22223b733a31333a2266656368615f6e6f7469636961223b733a31303a22323032312d30372d3232223b733a373a22746974756c6172223b733a373a22546974756c6172223b733a373a22726573756d656e223b733a31353a225061727261666f20726573756d656e223b733a31313a2275726c5f6e6f7469636961223b733a353a226874747470223b733a31313a2272656c5f69646d6564696f223b733a323a223437223b733a31383a2272656c5f69646375657374696f6e6172696f223b733a313a2231223b733a31333a2272656c5f69647573756172696f223b733a313a2235223b733a31343a226964646570617274616d656e746f223b733a303a22223b733a373a226163746f726573223b613a323a7b693a303b733a313a2231223b693a313b733a323a223130223b7d733a353a2274656d6173223b613a333a7b693a303b733a313a2231223b693a313b733a313a2236223b693a323b733a313a2230223b7d733a383a2273756274656d6173223b613a303a7b7d733a353a226d6564696f223b613a323a7b733a323a226964223b733a323a223437223b733a363a226e6f6d627265223b733a383a22494c4c494d414e49223b7d733a31303a227469706f5f6d6564696f223b613a323a7b733a323a226964223b733a313a2236223b733a363a226e6f6d627265223b733a31313a22526164696f20527572616c223b7d733a31353a2265735f736567756e646f5f7061736f223b623a313b733a31313a2265735f707265656e76696f223b623a303b733a393a226f74726f5f74656d61223b733a383a224f54524f20524553223b7d6e6f74696369615f6564697461626c657c693a31303b),
('32c524bdac5b4133c67282d1e252c3a5db91f584', '127.0.0.1', '0000-00-00 00:00:00', 0x5f5f63695f6c6173745f726567656e65726174657c693a313632363739313833383b6964656e746974797c733a31313a226d6f6e2d616c667265646f223b757365726e616d657c733a31313a226d6f6e2d616c667265646f223b656d61696c7c733a31373a22616c667265646f40676d61696c2e636f6d223b757365725f69647c733a313a2235223b6f6c645f6c6173745f6c6f67696e7c733a31303a2231363236373838353336223b6c6173745f636865636b7c693a313632363739303436313b736573696f6e5f6163746976617c623a313b6964646570617274616d656e746f7c733a313a2231223b646570617274616d656e746f7c733a363a224c612050617a223b65646963696f6e5f6163746976617c623a303b65735f6e756576615f6e6f74696369617c623a313b6e6f74696369615f6e756576617c4f3a383a22737464436c617373223a31383a7b733a393a2269646e6f7469636961223b733a303a22223b733a31343a2266656368615f726567697374726f223b733a303a22223b733a31333a2266656368615f6e6f7469636961223b693a313632363733323030303b733a373a22746974756c6172223b733a373a22546974756c6172223b733a373a22726573756d656e223b733a31353a225061727261666f20726573756d656e223b733a31313a2275726c5f6e6f7469636961223b733a353a226874747470223b733a31313a2272656c5f69646d6564696f223b733a323a223234223b733a31383a2272656c5f69646375657374696f6e6172696f223b733a313a2231223b733a31333a2272656c5f69647573756172696f223b733a313a2235223b733a31343a226964646570617274616d656e746f223b733a303a22223b733a373a226163746f726573223b613a343a7b693a303b733a313a2231223b693a313b733a313a2235223b693a323b733a313a2239223b693a333b733a323a223130223b7d733a353a2274656d6173223b613a343a7b693a303b733a313a2231223b693a313b733a313a2235223b693a323b733a313a2238223b693a333b733a313a2230223b7d733a383a2273756274656d6173223b613a303a7b7d733a353a226d6564696f223b613a323a7b733a323a226964223b733a323a223234223b733a363a226e6f6d627265223b733a373a2252454420554e4f223b7d733a31303a227469706f5f6d6564696f223b613a323a7b733a323a226964223b733a313a2232223b733a363a226e6f6d627265223b733a32303a2243616e616c2064652054656c6576697369c3b36e223b7d733a31353a2265735f736567756e646f5f7061736f223b623a313b733a31313a2265735f707265656e76696f223b623a303b733a393a226f74726f5f74656d61223b733a33303a224f74726f2074656d61206465207265666f726d6120656c6563746f72616c223b7d6e6f74696369615f6564697461626c657c693a31303b6e6f74696369615f696e736572747c613a303a7b7d6e7565766f5f63317c623a303b7265666f726d617c613a303a7b7d6e7565766f5f63327c623a303b696e73747c613a303a7b7d),
('33342070b812bb74bdda2da05947d2f1c53c5fa1', '127.0.0.1', '0000-00-00 00:00:00', 0x5f5f63695f6c6173745f726567656e65726174657c693a313632363830373534393b6964656e746974797c733a31323a2261646d2d77696c667265646f223b757365726e616d657c733a31323a2261646d2d77696c667265646f223b656d61696c7c733a31333a2257696c6c4077696c6c2e636f6d223b757365725f69647c733a323a223532223b6f6c645f6c6173745f6c6f67696e7c733a31303a2231363236383035343734223b6c6173745f636865636b7c693a313632363830353836353b736573696f6e5f6163746976617c623a313b6964646570617274616d656e746f7c733a313a2231223b646570617274616d656e746f7c733a363a224c612050617a223b65646963696f6e5f6163746976617c623a303b65735f6e756576615f6e6f74696369617c623a303b65735f6e756576615f6e6f7469636961317c623a303b6e7565766f5f666f726d7c693a303b6e6f74696369615f6e756576617c613a303a7b7d6e6f74696369615f6e75657661317c613a303a7b7d6e6f74696369615f6564697461626c657c693a31303b),
('33d8bc84ff6cdf84203fc28ff1160ed088930637', '127.0.0.1', '0000-00-00 00:00:00', 0x5f5f63695f6c6173745f726567656e65726174657c693a313632363737353534333b6964656e746974797c733a31313a226d6f6e2d616c667265646f223b757365726e616d657c733a31313a226d6f6e2d616c667265646f223b656d61696c7c733a31373a22616c667265646f40676d61696c2e636f6d223b757365725f69647c733a313a2235223b6f6c645f6c6173745f6c6f67696e7c733a31303a2231363236373537333032223b6c6173745f636865636b7c693a313632363737353534333b),
('3cf3e581ef9ef687b138cdd4d582cdbaecc4589d', '127.0.0.1', '0000-00-00 00:00:00', 0x5f5f63695f6c6173745f726567656e65726174657c693a313632363732363639373b6964656e746974797c733a31313a226d6f6e2d616c667265646f223b757365726e616d657c733a31313a226d6f6e2d616c667265646f223b656d61696c7c733a31373a22616c667265646f40676d61696c2e636f6d223b757365725f69647c733a313a2235223b6f6c645f6c6173745f6c6f67696e7c733a31303a2231363236373139343438223b6c6173745f636865636b7c693a313632363732363338363b736573696f6e5f6163746976617c623a313b6964646570617274616d656e746f7c733a313a2231223b646570617274616d656e746f7c733a363a224c612050617a223b65646963696f6e5f6163746976617c623a303b65735f6e756576615f6e6f74696369617c623a313b6e6f74696369615f6e756576617c4f3a383a22737464436c617373223a31373a7b733a393a2269646e6f7469636961223b733a303a22223b733a31343a2266656368615f726567697374726f223b733a303a22223b733a31333a2266656368615f6e6f7469636961223b733a303a22223b733a373a22746974756c6172223b733a303a22223b733a373a22726573756d656e223b733a303a22223b733a31313a2275726c5f6e6f7469636961223b733a303a22223b733a31313a2272656c5f69646d6564696f223b733a303a22223b733a31383a2272656c5f69646375657374696f6e6172696f223b733a303a22223b733a31333a2272656c5f69647573756172696f223b733a303a22223b733a31343a226964646570617274616d656e746f223b733a303a22223b733a373a226163746f726573223b613a303a7b7d733a353a2274656d6173223b613a303a7b7d733a383a2273756274656d6173223b613a303a7b7d733a353a226d6564696f223b613a303a7b7d733a31303a227469706f5f6d6564696f223b613a303a7b7d733a31353a2265735f736567756e676f5f7061736f223b623a303b733a31313a2265735f707265656e76696f223b623a303b7d6e6f74696369615f6564697461626c657c693a31303b),
('3d65c680e1808a862c2c30e5680f848158408937', '127.0.0.1', '0000-00-00 00:00:00', 0x5f5f63695f6c6173745f726567656e65726174657c693a313632363732373539393b6964656e746974797c733a31313a226d6f6e2d616c667265646f223b757365726e616d657c733a31313a226d6f6e2d616c667265646f223b656d61696c7c733a31373a22616c667265646f40676d61696c2e636f6d223b757365725f69647c733a313a2235223b6f6c645f6c6173745f6c6f67696e7c733a31303a2231363236373237313134223b6c6173745f636865636b7c693a313632363732373233303b736573696f6e5f6163746976617c623a313b6964646570617274616d656e746f7c733a313a2231223b646570617274616d656e746f7c733a363a224c612050617a223b65646963696f6e5f6163746976617c623a303b65735f6e756576615f6e6f74696369617c623a313b6e6f74696369615f6e756576617c4f3a383a22737464436c617373223a31383a7b733a393a2269646e6f7469636961223b733a303a22223b733a31343a2266656368615f726567697374726f223b733a303a22223b733a31333a2266656368615f6e6f7469636961223b733a31303a22323032312d30372d3232223b733a373a22746974756c6172223b733a373a22546974756c6172223b733a373a22726573756d656e223b733a31353a225061727261666f20726573756d656e223b733a31313a2275726c5f6e6f7469636961223b733a353a226874747470223b733a31313a2272656c5f69646d6564696f223b733a323a223437223b733a31383a2272656c5f69646375657374696f6e6172696f223b733a313a2231223b733a31333a2272656c5f69647573756172696f223b733a313a2235223b733a31343a226964646570617274616d656e746f223b733a303a22223b733a373a226163746f726573223b613a323a7b693a303b733a313a2231223b693a313b733a323a223130223b7d733a353a2274656d6173223b613a333a7b693a303b733a313a2231223b693a313b733a313a2236223b693a323b733a313a2230223b7d733a383a2273756274656d6173223b613a303a7b7d733a353a226d6564696f223b613a323a7b733a323a226964223b733a323a223437223b733a363a226e6f6d627265223b733a383a22494c4c494d414e49223b7d733a31303a227469706f5f6d6564696f223b613a323a7b733a323a226964223b733a313a2236223b733a363a226e6f6d627265223b733a31313a22526164696f20527572616c223b7d733a31353a2265735f736567756e646f5f7061736f223b623a313b733a31313a2265735f707265656e76696f223b623a303b733a393a226f74726f5f74656d61223b733a383a224f54524f20524553223b7d6e6f74696369615f6564697461626c657c693a31303b),
('3def56d6e8aaaa5917ba5984747efb6514849dcf', '127.0.0.1', '0000-00-00 00:00:00', 0x5f5f63695f6c6173745f726567656e65726174657c693a313632363830353239363b6964656e746974797c733a31313a226d6f6e2d616c667265646f223b757365726e616d657c733a31313a226d6f6e2d616c667265646f223b656d61696c7c733a31373a22616c667265646f40676d61696c2e636f6d223b757365725f69647c733a313a2235223b6f6c645f6c6173745f6c6f67696e7c733a31303a2231363236383032333830223b6c6173745f636865636b7c693a313632363830333538363b736573696f6e5f6163746976617c623a313b6964646570617274616d656e746f7c733a313a2231223b646570617274616d656e746f7c733a363a224c612050617a223b65646963696f6e5f6163746976617c623a303b65735f6e756576615f6e6f74696369617c623a303b65735f6e756576615f6e6f7469636961317c623a303b6e7565766f5f666f726d7c693a303b6e6f74696369615f6e756576617c613a303a7b7d6e6f74696369615f6e75657661317c613a303a7b7d6e6f74696369615f6564697461626c657c693a31303b),
('4458612f37a84371b2c16cb42a0cbaa13bca97ca', '127.0.0.1', '0000-00-00 00:00:00', 0x5f5f63695f6c6173745f726567656e65726174657c693a313632363739333134343b6964656e746974797c733a31313a226d6f6e2d616c667265646f223b757365726e616d657c733a31313a226d6f6e2d616c667265646f223b656d61696c7c733a31373a22616c667265646f40676d61696c2e636f6d223b757365725f69647c733a313a2235223b6f6c645f6c6173745f6c6f67696e7c733a31303a2231363236373838353336223b6c6173745f636865636b7c693a313632363739303436313b736573696f6e5f6163746976617c623a313b6964646570617274616d656e746f7c733a313a2231223b646570617274616d656e746f7c733a363a224c612050617a223b65646963696f6e5f6163746976617c623a303b65735f6e756576615f6e6f74696369617c623a313b6e6f74696369615f6e756576617c4f3a383a22737464436c617373223a31393a7b733a393a2269646e6f7469636961223b733a303a22223b733a31343a2266656368615f726567697374726f223b693a313632363739323737323b733a31333a2266656368615f6e6f7469636961223b693a313632363733323030303b733a373a22746974756c6172223b733a373a22546974756c6172223b733a373a22726573756d656e223b733a31353a225061727261666f20726573756d656e223b733a31313a2275726c5f6e6f7469636961223b733a353a226874747470223b733a31313a2272656c5f69646d6564696f223b733a323a223234223b733a31383a2272656c5f69646375657374696f6e6172696f223b733a313a2231223b733a31333a2272656c5f69647573756172696f223b733a313a2235223b733a31343a226964646570617274616d656e746f223b733a303a22223b733a373a226163746f726573223b613a343a7b693a303b733a313a2231223b693a313b733a313a2235223b693a323b733a313a2239223b693a333b733a323a223130223b7d733a353a2274656d6173223b613a343a7b693a303b733a313a2231223b693a313b733a313a2235223b693a323b733a313a2238223b693a333b733a313a2230223b7d733a383a2273756274656d6173223b613a333a7b693a313b613a323a7b693a303b733a313a2231223b693a313b733a313a2230223b7d693a353b613a313a7b693a303b733a323a223234223b7d693a383b613a323a7b693a303b733a313a2239223b693a313b733a323a223131223b7d7d733a353a226d6564696f223b613a323a7b733a323a226964223b733a323a223234223b733a363a226e6f6d627265223b733a373a2252454420554e4f223b7d733a31303a227469706f5f6d6564696f223b613a323a7b733a323a226964223b733a313a2232223b733a363a226e6f6d627265223b733a32303a2243616e616c2064652054656c6576697369c3b36e223b7d733a31353a2265735f736567756e646f5f7061736f223b623a313b733a31313a2265735f707265656e76696f223b623a313b733a393a226f74726f5f74656d61223b733a33303a224f74726f2074656d61206465207265666f726d6120656c6563746f72616c223b733a31343a226f74726f735f73756274656d6173223b613a333a7b693a313b733a333a22616161223b693a353b733a333a22626262223b693a383b733a343a2263636363223b7d7d6e6f74696369615f6564697461626c657c693a31303b6e6f74696369615f696e736572747c723a31333b6e7565766f5f63317c623a303b7265666f726d617c613a303a7b7d6e7565766f5f63327c623a303b696e73747c613a303a7b7d),
('4601ee030954861dab9a64a22a488feea4e5a50b', '127.0.0.1', '0000-00-00 00:00:00', 0x5f5f63695f6c6173745f726567656e65726174657c693a313632363737363236363b6964656e746974797c733a31313a226d6f6e2d616c667265646f223b757365726e616d657c733a31313a226d6f6e2d616c667265646f223b656d61696c7c733a31373a22616c667265646f40676d61696c2e636f6d223b757365725f69647c733a313a2235223b6f6c645f6c6173745f6c6f67696e7c733a31303a2231363236373537333032223b6c6173745f636865636b7c693a313632363737353534333b736573696f6e5f6163746976617c623a313b6964646570617274616d656e746f7c733a313a2231223b646570617274616d656e746f7c733a363a224c612050617a223b65646963696f6e5f6163746976617c623a303b65735f6e756576615f6e6f74696369617c623a313b6e6f74696369615f6e756576617c4f3a383a22737464436c617373223a31383a7b733a393a2269646e6f7469636961223b733a303a22223b733a31343a2266656368615f726567697374726f223b733a303a22223b733a31333a2266656368615f6e6f7469636961223b693a313632363733323030303b733a373a22746974756c6172223b733a373a22546974756c6172223b733a373a22726573756d656e223b733a31353a225061727261666f20726573756d656e223b733a31313a2275726c5f6e6f7469636961223b733a353a226874747470223b733a31313a2272656c5f69646d6564696f223b733a323a223338223b733a31383a2272656c5f69646375657374696f6e6172696f223b733a313a2231223b733a31333a2272656c5f69647573756172696f223b733a313a2235223b733a31343a226964646570617274616d656e746f223b733a303a22223b733a373a226163746f726573223b613a333a7b693a303b733a313a2231223b693a313b733a313a2235223b693a323b733a323a223130223b7d733a353a2274656d6173223b613a343a7b693a303b733a313a2231223b693a313b733a313a2234223b693a323b733a313a2237223b693a333b733a313a2230223b7d733a383a2273756274656d6173223b613a303a7b7d733a353a226d6564696f223b613a323a7b733a323a226964223b733a323a223338223b733a363a226e6f6d627265223b733a31323a2250414e414d45524943414e41223b7d733a31303a227469706f5f6d6564696f223b613a323a7b733a323a226964223b733a313a2233223b733a363a226e6f6d627265223b733a31343a22456d69736f72612072616469616c223b7d733a31353a2265735f736567756e646f5f7061736f223b623a313b733a31313a2265735f707265656e76696f223b623a303b733a393a226f74726f5f74656d61223b733a383a224f54524f20524553223b7d6e6f74696369615f6564697461626c657c693a31303b);
INSERT INTO `ci_sessions` (`id`, `ip_address`, `timestamp`, `data`) VALUES
('4e2df83795a4647821d92dfe27a2a8c3a11668e1', '127.0.0.1', '0000-00-00 00:00:00', 0x5f5f63695f6c6173745f726567656e65726174657c693a313632363739343238393b6964656e746974797c733a31313a226d6f6e2d616c667265646f223b757365726e616d657c733a31313a226d6f6e2d616c667265646f223b656d61696c7c733a31373a22616c667265646f40676d61696c2e636f6d223b757365725f69647c733a313a2235223b6f6c645f6c6173745f6c6f67696e7c733a31303a2231363236373838353336223b6c6173745f636865636b7c693a313632363739303436313b736573696f6e5f6163746976617c623a313b6964646570617274616d656e746f7c733a313a2231223b646570617274616d656e746f7c733a363a224c612050617a223b65646963696f6e5f6163746976617c623a303b65735f6e756576615f6e6f74696369617c623a313b6e6f74696369615f6e756576617c4f3a383a22737464436c617373223a31393a7b733a393a2269646e6f7469636961223b733a303a22223b733a31343a2266656368615f726567697374726f223b693a313632363739323737323b733a31333a2266656368615f6e6f7469636961223b693a313632363733323030303b733a373a22746974756c6172223b733a373a22546974756c6172223b733a373a22726573756d656e223b733a31353a225061727261666f20726573756d656e223b733a31313a2275726c5f6e6f7469636961223b733a353a226874747470223b733a31313a2272656c5f69646d6564696f223b733a323a223234223b733a31383a2272656c5f69646375657374696f6e6172696f223b733a313a2231223b733a31333a2272656c5f69647573756172696f223b733a313a2235223b733a31343a226964646570617274616d656e746f223b733a303a22223b733a373a226163746f726573223b613a343a7b693a303b733a313a2231223b693a313b733a313a2235223b693a323b733a313a2239223b693a333b733a323a223130223b7d733a353a2274656d6173223b613a343a7b693a303b733a313a2231223b693a313b733a313a2235223b693a323b733a313a2238223b693a333b733a313a2230223b7d733a383a2273756274656d6173223b613a333a7b693a313b613a323a7b693a303b733a313a2231223b693a313b733a313a2230223b7d693a353b613a313a7b693a303b733a323a223234223b7d693a383b613a323a7b693a303b733a313a2239223b693a313b733a323a223131223b7d7d733a353a226d6564696f223b613a323a7b733a323a226964223b733a323a223234223b733a363a226e6f6d627265223b733a373a2252454420554e4f223b7d733a31303a227469706f5f6d6564696f223b613a323a7b733a323a226964223b733a313a2232223b733a363a226e6f6d627265223b733a32303a2243616e616c2064652054656c6576697369c3b36e223b7d733a31353a2265735f736567756e646f5f7061736f223b623a313b733a31313a2265735f707265656e76696f223b623a313b733a393a226f74726f5f74656d61223b733a33303a224f74726f2074656d61206465207265666f726d6120656c6563746f72616c223b733a31343a226f74726f735f73756274656d6173223b613a333a7b693a313b733a333a22616161223b693a353b733a333a22626262223b693a383b733a343a2263636363223b7d7d6e6f74696369615f6564697461626c657c693a31303b6e6f74696369615f696e736572747c723a31333b6e7565766f5f63317c623a303b7265666f726d617c613a303a7b7d6e7565766f5f63327c623a303b696e73747c613a303a7b7d),
('4f1ae3e0531ed1df65ecb4875e00cccaa862af79', '127.0.0.1', '0000-00-00 00:00:00', 0x5f5f63695f6c6173745f726567656e65726174657c693a313632363731373834383b6964656e746974797c733a31313a226d6f6e2d616c667265646f223b757365726e616d657c733a31313a226d6f6e2d616c667265646f223b656d61696c7c733a31373a22616c667265646f40676d61696c2e636f6d223b757365725f69647c733a313a2235223b6f6c645f6c6173745f6c6f67696e7c733a31303a2231363236373137343638223b6c6173745f636865636b7c693a313632363731373834383b),
('501e75219d074e18ad595fc93f825578a43aa9f9', '127.0.0.1', '0000-00-00 00:00:00', 0x5f5f63695f6c6173745f726567656e65726174657c693a313632363739363833323b6964656e746974797c733a31313a226d6f6e2d616c667265646f223b757365726e616d657c733a31313a226d6f6e2d616c667265646f223b656d61696c7c733a31373a22616c667265646f40676d61696c2e636f6d223b757365725f69647c733a313a2235223b6f6c645f6c6173745f6c6f67696e7c733a31303a2231363236373936363339223b6c6173745f636865636b7c693a313632363739363833313b),
('5243ccf8683b4617d4b0efc787b3813ce34cc1c1', '127.0.0.1', '0000-00-00 00:00:00', 0x5f5f63695f6c6173745f726567656e65726174657c693a313632363739323531323b6964656e746974797c733a31313a226d6f6e2d616c667265646f223b757365726e616d657c733a31313a226d6f6e2d616c667265646f223b656d61696c7c733a31373a22616c667265646f40676d61696c2e636f6d223b757365725f69647c733a313a2235223b6f6c645f6c6173745f6c6f67696e7c733a31303a2231363236373838353336223b6c6173745f636865636b7c693a313632363739303436313b736573696f6e5f6163746976617c623a313b6964646570617274616d656e746f7c733a313a2231223b646570617274616d656e746f7c733a363a224c612050617a223b65646963696f6e5f6163746976617c623a303b65735f6e756576615f6e6f74696369617c623a313b6e6f74696369615f6e756576617c4f3a383a22737464436c617373223a31383a7b733a393a2269646e6f7469636961223b733a303a22223b733a31343a2266656368615f726567697374726f223b733a303a22223b733a31333a2266656368615f6e6f7469636961223b693a313632363733323030303b733a373a22746974756c6172223b733a373a22546974756c6172223b733a373a22726573756d656e223b733a31353a225061727261666f20726573756d656e223b733a31313a2275726c5f6e6f7469636961223b733a353a226874747470223b733a31313a2272656c5f69646d6564696f223b733a323a223234223b733a31383a2272656c5f69646375657374696f6e6172696f223b733a313a2231223b733a31333a2272656c5f69647573756172696f223b733a313a2235223b733a31343a226964646570617274616d656e746f223b733a303a22223b733a373a226163746f726573223b613a343a7b693a303b733a313a2231223b693a313b733a313a2235223b693a323b733a313a2239223b693a333b733a323a223130223b7d733a353a2274656d6173223b613a343a7b693a303b733a313a2231223b693a313b733a313a2235223b693a323b733a313a2238223b693a333b733a313a2230223b7d733a383a2273756274656d6173223b613a303a7b7d733a353a226d6564696f223b613a323a7b733a323a226964223b733a323a223234223b733a363a226e6f6d627265223b733a373a2252454420554e4f223b7d733a31303a227469706f5f6d6564696f223b613a323a7b733a323a226964223b733a313a2232223b733a363a226e6f6d627265223b733a32303a2243616e616c2064652054656c6576697369c3b36e223b7d733a31353a2265735f736567756e646f5f7061736f223b623a313b733a31313a2265735f707265656e76696f223b623a303b733a393a226f74726f5f74656d61223b733a33303a224f74726f2074656d61206465207265666f726d6120656c6563746f72616c223b7d6e6f74696369615f6564697461626c657c693a31303b6e6f74696369615f696e736572747c613a303a7b7d6e7565766f5f63317c623a303b7265666f726d617c613a303a7b7d6e7565766f5f63327c623a303b696e73747c613a303a7b7d),
('53f04a68014d58409f6d9f5da4b5faa56db982b7', '127.0.0.1', '0000-00-00 00:00:00', 0x5f5f63695f6c6173745f726567656e65726174657c693a313632363831323733393b6964656e746974797c733a31323a2261646d2d77696c667265646f223b757365726e616d657c733a31323a2261646d2d77696c667265646f223b656d61696c7c733a31333a2257696c6c4077696c6c2e636f6d223b757365725f69647c733a323a223532223b6f6c645f6c6173745f6c6f67696e7c733a31303a2231363236383038343239223b6c6173745f636865636b7c693a313632363831323433383b736573696f6e5f6163746976617c623a313b6964646570617274616d656e746f7c733a313a2231223b646570617274616d656e746f7c733a363a224c612050617a223b65646963696f6e5f6163746976617c623a303b65735f6e756576615f6e6f74696369617c623a303b65735f6e756576615f6e6f7469636961317c623a303b6e7565766f5f666f726d7c693a303b6e6f74696369615f6e756576617c613a303a7b7d6e6f74696369615f6e75657661317c613a303a7b7d6e6f74696369615f6564697461626c657c693a31303b),
('6367c48280d57fbadc6239ac1d175d00a3283189', '127.0.0.1', '0000-00-00 00:00:00', 0x5f5f63695f6c6173745f726567656e65726174657c693a313632363737373330303b6964656e746974797c733a31313a226d6f6e2d616c667265646f223b757365726e616d657c733a31313a226d6f6e2d616c667265646f223b656d61696c7c733a31373a22616c667265646f40676d61696c2e636f6d223b757365725f69647c733a313a2235223b6f6c645f6c6173745f6c6f67696e7c733a31303a2231363236373537333032223b6c6173745f636865636b7c693a313632363737353534333b736573696f6e5f6163746976617c623a313b6964646570617274616d656e746f7c733a313a2231223b646570617274616d656e746f7c733a363a224c612050617a223b65646963696f6e5f6163746976617c623a303b65735f6e756576615f6e6f74696369617c623a313b6e6f74696369615f6e756576617c4f3a383a22737464436c617373223a31383a7b733a393a2269646e6f7469636961223b733a303a22223b733a31343a2266656368615f726567697374726f223b733a303a22223b733a31333a2266656368615f6e6f7469636961223b693a313632363733323030303b733a373a22746974756c6172223b733a373a22546974756c6172223b733a373a22726573756d656e223b733a31353a225061727261666f20726573756d656e223b733a31313a2275726c5f6e6f7469636961223b733a353a226874747470223b733a31313a2272656c5f69646d6564696f223b733a323a223338223b733a31383a2272656c5f69646375657374696f6e6172696f223b733a313a2231223b733a31333a2272656c5f69647573756172696f223b733a313a2235223b733a31343a226964646570617274616d656e746f223b733a303a22223b733a373a226163746f726573223b613a333a7b693a303b733a313a2231223b693a313b733a313a2235223b693a323b733a323a223130223b7d733a353a2274656d6173223b613a343a7b693a303b733a313a2231223b693a313b733a313a2234223b693a323b733a313a2237223b693a333b733a313a2230223b7d733a383a2273756274656d6173223b613a303a7b7d733a353a226d6564696f223b613a323a7b733a323a226964223b733a323a223338223b733a363a226e6f6d627265223b733a31323a2250414e414d45524943414e41223b7d733a31303a227469706f5f6d6564696f223b613a323a7b733a323a226964223b733a313a2233223b733a363a226e6f6d627265223b733a31343a22456d69736f72612072616469616c223b7d733a31353a2265735f736567756e646f5f7061736f223b623a313b733a31313a2265735f707265656e76696f223b623a303b733a393a226f74726f5f74656d61223b733a383a224f54524f20524553223b7d6e6f74696369615f6564697461626c657c693a31303b),
('6383ec66b6226eb40033216ab5bda6fad5d4603c', '127.0.0.1', '0000-00-00 00:00:00', 0x5f5f63695f6c6173745f726567656e65726174657c693a313632363739383137303b6964656e746974797c733a31313a226d6f6e2d616c667265646f223b757365726e616d657c733a31313a226d6f6e2d616c667265646f223b656d61696c7c733a31373a22616c667265646f40676d61696c2e636f6d223b757365725f69647c733a313a2235223b6f6c645f6c6173745f6c6f67696e7c733a31303a2231363236373936363339223b6c6173745f636865636b7c693a313632363739363833313b736573696f6e5f6163746976617c623a313b6964646570617274616d656e746f7c733a313a2231223b646570617274616d656e746f7c733a363a224c612050617a223b65646963696f6e5f6163746976617c623a303b65735f6e756576615f6e6f74696369617c623a313b65735f6e756576615f6e6f7469636961317c623a303b6e7565766f5f666f726d7c693a303b6e6f74696369615f6e756576617c613a303a7b7d6e6f74696369615f6e75657661317c4f3a383a22737464436c617373223a31373a7b733a393a2269646e6f7469636961223b733a303a22223b733a31343a2266656368615f726567697374726f223b733a303a22223b733a31333a2266656368615f6e6f7469636961223b733a303a22223b733a373a22746974756c6172223b733a303a22223b733a373a22726573756d656e223b733a303a22223b733a31313a2275726c5f6e6f7469636961223b733a303a22223b733a31313a2272656c5f69646d6564696f223b733a303a22223b733a31383a2272656c5f69646375657374696f6e6172696f223b733a303a22223b733a31333a2272656c5f69647573756172696f223b733a303a22223b733a31343a226964646570617274616d656e746f223b733a303a22223b733a373a226163746f726573223b613a303a7b7d733a353a2274656d6173223b613a303a7b7d733a383a2273756274656d6173223b613a303a7b7d733a353a226d6564696f223b613a303a7b7d733a31303a227469706f5f6d6564696f223b613a303a7b7d733a31353a2265735f736567756e646f5f7061736f223b623a303b733a31313a2265735f707265656e76696f223b623a303b7d6e6f74696369615f6564697461626c657c693a31303b),
('68c1e7213a78c7f745d152c7ca1faf448ffacb59', '127.0.0.1', '0000-00-00 00:00:00', 0x5f5f63695f6c6173745f726567656e65726174657c693a313632363830303131363b6964656e746974797c733a31313a226d6f6e2d616c667265646f223b757365726e616d657c733a31313a226d6f6e2d616c667265646f223b656d61696c7c733a31373a22616c667265646f40676d61696c2e636f6d223b757365725f69647c733a313a2235223b6f6c645f6c6173745f6c6f67696e7c733a31303a2231363236373936383331223b6c6173745f636865636b7c693a313632363830303131363b),
('6c55001fbeb14a90519094e5a766659506189696', '127.0.0.1', '0000-00-00 00:00:00', 0x5f5f63695f6c6173745f726567656e65726174657c693a313632363737393631353b6964656e746974797c733a31313a226d6f6e2d616c667265646f223b757365726e616d657c733a31313a226d6f6e2d616c667265646f223b656d61696c7c733a31373a22616c667265646f40676d61696c2e636f6d223b757365725f69647c733a313a2235223b6f6c645f6c6173745f6c6f67696e7c733a31303a2231363236373537333032223b6c6173745f636865636b7c693a313632363737353534333b736573696f6e5f6163746976617c623a313b6964646570617274616d656e746f7c733a313a2231223b646570617274616d656e746f7c733a363a224c612050617a223b65646963696f6e5f6163746976617c623a303b65735f6e756576615f6e6f74696369617c623a313b6e6f74696369615f6e756576617c4f3a383a22737464436c617373223a31383a7b733a393a2269646e6f7469636961223b733a303a22223b733a31343a2266656368615f726567697374726f223b733a303a22223b733a31333a2266656368615f6e6f7469636961223b693a313632363733323030303b733a373a22746974756c6172223b733a373a22546974756c6172223b733a373a22726573756d656e223b733a31353a225061727261666f20726573756d656e223b733a31313a2275726c5f6e6f7469636961223b733a353a226874747470223b733a31313a2272656c5f69646d6564696f223b733a323a223338223b733a31383a2272656c5f69646375657374696f6e6172696f223b733a313a2231223b733a31333a2272656c5f69647573756172696f223b733a313a2235223b733a31343a226964646570617274616d656e746f223b733a303a22223b733a373a226163746f726573223b613a333a7b693a303b733a313a2231223b693a313b733a313a2235223b693a323b733a323a223130223b7d733a353a2274656d6173223b613a343a7b693a303b733a313a2231223b693a313b733a313a2234223b693a323b733a313a2237223b693a333b733a313a2230223b7d733a383a2273756274656d6173223b613a303a7b7d733a353a226d6564696f223b613a323a7b733a323a226964223b733a323a223338223b733a363a226e6f6d627265223b733a31323a2250414e414d45524943414e41223b7d733a31303a227469706f5f6d6564696f223b613a323a7b733a323a226964223b733a313a2233223b733a363a226e6f6d627265223b733a31343a22456d69736f72612072616469616c223b7d733a31353a2265735f736567756e646f5f7061736f223b623a313b733a31313a2265735f707265656e76696f223b623a303b733a393a226f74726f5f74656d61223b733a383a224f54524f20524553223b7d6e6f74696369615f6564697461626c657c693a31303b),
('6cd4e1fc4cf59a0ecd7a0ddb82ae60716a5256a9', '127.0.0.1', '0000-00-00 00:00:00', 0x5f5f63695f6c6173745f726567656e65726174657c693a313632363830353332323b6964656e746974797c733a31323a2261646d2d77696c667265646f223b757365726e616d657c733a31323a2261646d2d77696c667265646f223b656d61696c7c733a31333a2257696c6c4077696c6c2e636f6d223b757365725f69647c733a323a223532223b6f6c645f6c6173745f6c6f67696e7c4e3b6c6173745f636865636b7c693a313632363830353332313b),
('6f700388d6bad2a2c72bb3bee94a6f6e052a7243', '127.0.0.1', '0000-00-00 00:00:00', 0x5f5f63695f6c6173745f726567656e65726174657c693a313632363739373735363b6964656e746974797c733a31313a226d6f6e2d616c667265646f223b757365726e616d657c733a31313a226d6f6e2d616c667265646f223b656d61696c7c733a31373a22616c667265646f40676d61696c2e636f6d223b757365725f69647c733a313a2235223b6f6c645f6c6173745f6c6f67696e7c733a31303a2231363236373936363339223b6c6173745f636865636b7c693a313632363739363833313b736573696f6e5f6163746976617c623a313b6964646570617274616d656e746f7c733a313a2231223b646570617274616d656e746f7c733a363a224c612050617a223b65646963696f6e5f6163746976617c623a303b65735f6e756576615f6e6f74696369617c623a313b65735f6e756576615f6e6f7469636961317c623a303b6e7565766f5f666f726d7c693a303b6e6f74696369615f6e756576617c613a303a7b7d6e6f74696369615f6e75657661317c4f3a383a22737464436c617373223a31373a7b733a393a2269646e6f7469636961223b733a303a22223b733a31343a2266656368615f726567697374726f223b733a303a22223b733a31333a2266656368615f6e6f7469636961223b733a303a22223b733a373a22746974756c6172223b733a303a22223b733a373a22726573756d656e223b733a303a22223b733a31313a2275726c5f6e6f7469636961223b733a303a22223b733a31313a2272656c5f69646d6564696f223b733a303a22223b733a31383a2272656c5f69646375657374696f6e6172696f223b733a303a22223b733a31333a2272656c5f69647573756172696f223b733a303a22223b733a31343a226964646570617274616d656e746f223b733a303a22223b733a373a226163746f726573223b613a303a7b7d733a353a2274656d6173223b613a303a7b7d733a383a2273756274656d6173223b613a303a7b7d733a353a226d6564696f223b613a303a7b7d733a31303a227469706f5f6d6564696f223b613a303a7b7d733a31353a2265735f736567756e646f5f7061736f223b623a303b733a31313a2265735f707265656e76696f223b623a303b7d6e6f74696369615f6564697461626c657c693a31303b),
('6fe63dadcdf751748fbf9deab34aef7a9609ba4c', '127.0.0.1', '0000-00-00 00:00:00', 0x5f5f63695f6c6173745f726567656e65726174657c693a313632363738303536343b6964656e746974797c733a31313a226d6f6e2d616c667265646f223b757365726e616d657c733a31313a226d6f6e2d616c667265646f223b656d61696c7c733a31373a22616c667265646f40676d61696c2e636f6d223b757365725f69647c733a313a2235223b6f6c645f6c6173745f6c6f67696e7c733a31303a2231363236373537333032223b6c6173745f636865636b7c693a313632363737353534333b736573696f6e5f6163746976617c623a313b6964646570617274616d656e746f7c733a313a2231223b646570617274616d656e746f7c733a363a224c612050617a223b65646963696f6e5f6163746976617c623a303b65735f6e756576615f6e6f74696369617c623a313b6e6f74696369615f6e756576617c4f3a383a22737464436c617373223a31383a7b733a393a2269646e6f7469636961223b733a303a22223b733a31343a2266656368615f726567697374726f223b733a303a22223b733a31333a2266656368615f6e6f7469636961223b693a313632363733323030303b733a373a22746974756c6172223b733a373a22546974756c6172223b733a373a22726573756d656e223b733a31353a225061727261666f20726573756d656e223b733a31313a2275726c5f6e6f7469636961223b733a353a226874747470223b733a31313a2272656c5f69646d6564696f223b733a323a223338223b733a31383a2272656c5f69646375657374696f6e6172696f223b733a313a2231223b733a31333a2272656c5f69647573756172696f223b733a313a2235223b733a31343a226964646570617274616d656e746f223b733a303a22223b733a373a226163746f726573223b613a333a7b693a303b733a313a2231223b693a313b733a313a2235223b693a323b733a323a223130223b7d733a353a2274656d6173223b613a343a7b693a303b733a313a2231223b693a313b733a313a2234223b693a323b733a313a2237223b693a333b733a313a2230223b7d733a383a2273756274656d6173223b613a303a7b7d733a353a226d6564696f223b613a323a7b733a323a226964223b733a323a223338223b733a363a226e6f6d627265223b733a31323a2250414e414d45524943414e41223b7d733a31303a227469706f5f6d6564696f223b613a323a7b733a323a226964223b733a313a2233223b733a363a226e6f6d627265223b733a31343a22456d69736f72612072616469616c223b7d733a31353a2265735f736567756e646f5f7061736f223b623a313b733a31313a2265735f707265656e76696f223b623a303b733a393a226f74726f5f74656d61223b733a383a224f54524f20524553223b7d6e6f74696369615f6564697461626c657c693a31303b),
('71c9a7d395952c95e3d50a02adc5eb8ec00f5338', '127.0.0.1', '0000-00-00 00:00:00', 0x5f5f63695f6c6173745f726567656e65726174657c693a313632363739313532313b6964656e746974797c733a31313a226d6f6e2d616c667265646f223b757365726e616d657c733a31313a226d6f6e2d616c667265646f223b656d61696c7c733a31373a22616c667265646f40676d61696c2e636f6d223b757365725f69647c733a313a2235223b6f6c645f6c6173745f6c6f67696e7c733a31303a2231363236373838353336223b6c6173745f636865636b7c693a313632363739303436313b736573696f6e5f6163746976617c623a313b6964646570617274616d656e746f7c733a313a2231223b646570617274616d656e746f7c733a363a224c612050617a223b65646963696f6e5f6163746976617c623a303b65735f6e756576615f6e6f74696369617c623a313b6e6f74696369615f6e756576617c4f3a383a22737464436c617373223a31383a7b733a393a2269646e6f7469636961223b733a303a22223b733a31343a2266656368615f726567697374726f223b733a303a22223b733a31333a2266656368615f6e6f7469636961223b693a313632363733323030303b733a373a22746974756c6172223b733a373a22546974756c6172223b733a373a22726573756d656e223b733a31353a225061727261666f20726573756d656e223b733a31313a2275726c5f6e6f7469636961223b733a353a226874747470223b733a31313a2272656c5f69646d6564696f223b733a323a223234223b733a31383a2272656c5f69646375657374696f6e6172696f223b733a313a2231223b733a31333a2272656c5f69647573756172696f223b733a313a2235223b733a31343a226964646570617274616d656e746f223b733a303a22223b733a373a226163746f726573223b613a343a7b693a303b733a313a2231223b693a313b733a313a2235223b693a323b733a313a2239223b693a333b733a323a223130223b7d733a353a2274656d6173223b613a343a7b693a303b733a313a2231223b693a313b733a313a2235223b693a323b733a313a2238223b693a333b733a313a2230223b7d733a383a2273756274656d6173223b613a303a7b7d733a353a226d6564696f223b613a323a7b733a323a226964223b733a323a223234223b733a363a226e6f6d627265223b733a373a2252454420554e4f223b7d733a31303a227469706f5f6d6564696f223b613a323a7b733a323a226964223b733a313a2232223b733a363a226e6f6d627265223b733a32303a2243616e616c2064652054656c6576697369c3b36e223b7d733a31353a2265735f736567756e646f5f7061736f223b623a313b733a31313a2265735f707265656e76696f223b623a303b733a393a226f74726f5f74656d61223b733a33303a224f74726f2074656d61206465207265666f726d6120656c6563746f72616c223b7d6e6f74696369615f6564697461626c657c693a31303b6e6f74696369615f696e736572747c613a303a7b7d6e7565766f5f63317c623a303b7265666f726d617c613a303a7b7d6e7565766f5f63327c623a303b696e73747c613a303a7b7d),
('7c9e9a440b585d1bc36ce5b585aa90c7f816f6fc', '127.0.0.1', '0000-00-00 00:00:00', 0x5f5f63695f6c6173745f726567656e65726174657c693a313632363830353530333b6964656e746974797c733a31313a226d6f6e2d616c667265646f223b757365726e616d657c733a31313a226d6f6e2d616c667265646f223b656d61696c7c733a31373a22616c667265646f40676d61696c2e636f6d223b757365725f69647c733a313a2235223b6f6c645f6c6173745f6c6f67696e7c733a31303a2231363236383033353836223b6c6173745f636865636b7c693a313632363830353530333b),
('80b29f52375aac8cfcdd27717ab0af089bf7e05a', '127.0.0.1', '0000-00-00 00:00:00', 0x5f5f63695f6c6173745f726567656e65726174657c693a313632363732363838343b6964656e746974797c733a31313a226d6f6e2d616c667265646f223b757365726e616d657c733a31313a226d6f6e2d616c667265646f223b656d61696c7c733a31373a22616c667265646f40676d61696c2e636f6d223b757365725f69647c733a313a2235223b6f6c645f6c6173745f6c6f67696e7c733a31303a2231363236373236333836223b6c6173745f636865636b7c693a313632363732363838343b),
('833c934be28dfd54d42883ac59d184534283beeb', '127.0.0.1', '0000-00-00 00:00:00', 0x5f5f63695f6c6173745f726567656e65726174657c693a313632363732353230363b6964656e746974797c733a31313a226d6f6e2d616c667265646f223b757365726e616d657c733a31313a226d6f6e2d616c667265646f223b656d61696c7c733a31373a22616c667265646f40676d61696c2e636f6d223b757365725f69647c733a313a2235223b6f6c645f6c6173745f6c6f67696e7c733a31303a2231363236373137383438223b6c6173745f636865636b7c693a313632363731393434383b736573696f6e5f6163746976617c623a313b6964646570617274616d656e746f7c733a313a2231223b646570617274616d656e746f7c733a363a224c612050617a223b65646963696f6e5f6163746976617c623a303b65735f6e756576615f6e6f74696369617c623a313b6e6f74696369615f6e756576617c4f3a383a22737464436c617373223a31363a7b733a393a2269646e6f7469636961223b733a303a22223b733a31343a2266656368615f726567697374726f223b733a303a22223b733a31333a2266656368615f6e6f7469636961223b4e3b733a373a22746974756c6172223b4e3b733a373a22726573756d656e223b4e3b733a31313a2275726c5f6e6f7469636961223b4e3b733a31313a2272656c5f69646d6564696f223b4e3b733a31383a2272656c5f69646375657374696f6e6172696f223b4e3b733a31333a2272656c5f69647573756172696f223b4e3b733a31343a226964646570617274616d656e746f223b733a303a22223b733a373a226163746f726573223b4e3b733a353a2274656d6173223b4e3b733a383a2273756274656d6173223b613a303a7b7d733a353a226d6564696f223b613a323a7b733a323a226964223b4e3b733a363a226e6f6d627265223b4e3b7d733a31303a227469706f5f6d6564696f223b613a323a7b733a323a226964223b4e3b733a363a226e6f6d627265223b4e3b7d733a393a226f74726f5f74656d61223b4e3b7d6e6f74696369615f6564697461626c657c693a31303b),
('8401843821f69472284ac938d8a70d7877c444d1', '127.0.0.1', '0000-00-00 00:00:00', 0x5f5f63695f6c6173745f726567656e65726174657c693a313632363732383735393b6964656e746974797c733a31313a226d6f6e2d616c667265646f223b757365726e616d657c733a31313a226d6f6e2d616c667265646f223b656d61696c7c733a31373a22616c667265646f40676d61696c2e636f6d223b757365725f69647c733a313a2235223b6f6c645f6c6173745f6c6f67696e7c733a31303a2231363236373237313134223b6c6173745f636865636b7c693a313632363732373233303b736573696f6e5f6163746976617c623a313b6964646570617274616d656e746f7c733a313a2231223b646570617274616d656e746f7c733a363a224c612050617a223b65646963696f6e5f6163746976617c623a303b65735f6e756576615f6e6f74696369617c623a313b6e6f74696369615f6e756576617c4f3a383a22737464436c617373223a31383a7b733a393a2269646e6f7469636961223b733a303a22223b733a31343a2266656368615f726567697374726f223b733a303a22223b733a31333a2266656368615f6e6f7469636961223b733a31303a22323032312d30372d3232223b733a373a22746974756c6172223b733a373a22546974756c6172223b733a373a22726573756d656e223b733a31353a225061727261666f20726573756d656e223b733a31313a2275726c5f6e6f7469636961223b733a353a226874747470223b733a31313a2272656c5f69646d6564696f223b733a323a223437223b733a31383a2272656c5f69646375657374696f6e6172696f223b733a313a2231223b733a31333a2272656c5f69647573756172696f223b733a313a2235223b733a31343a226964646570617274616d656e746f223b733a303a22223b733a373a226163746f726573223b613a323a7b693a303b733a313a2231223b693a313b733a323a223130223b7d733a353a2274656d6173223b613a333a7b693a303b733a313a2231223b693a313b733a313a2236223b693a323b733a313a2230223b7d733a383a2273756274656d6173223b613a303a7b7d733a353a226d6564696f223b613a323a7b733a323a226964223b733a323a223437223b733a363a226e6f6d627265223b733a383a22494c4c494d414e49223b7d733a31303a227469706f5f6d6564696f223b613a323a7b733a323a226964223b733a313a2236223b733a363a226e6f6d627265223b733a31313a22526164696f20527572616c223b7d733a31353a2265735f736567756e646f5f7061736f223b623a313b733a31313a2265735f707265656e76696f223b623a303b733a393a226f74726f5f74656d61223b733a383a224f54524f20524553223b7d6e6f74696369615f6564697461626c657c693a31303b),
('855a8c0a05ee6fc028f76cb7b29cd3922ebdfb6f', '127.0.0.1', '0000-00-00 00:00:00', 0x5f5f63695f6c6173745f726567656e65726174657c693a313632363732303937313b6964656e746974797c733a31313a226d6f6e2d616c667265646f223b757365726e616d657c733a31313a226d6f6e2d616c667265646f223b656d61696c7c733a31373a22616c667265646f40676d61696c2e636f6d223b757365725f69647c733a313a2235223b6f6c645f6c6173745f6c6f67696e7c733a31303a2231363236373137383438223b6c6173745f636865636b7c693a313632363731393434383b736573696f6e5f6163746976617c623a313b6964646570617274616d656e746f7c733a313a2231223b646570617274616d656e746f7c733a363a224c612050617a223b65646963696f6e5f6163746976617c623a303b65735f6e756576615f6e6f74696369617c623a313b6e6f74696369615f6e756576617c4f3a383a22737464436c617373223a31353a7b733a393a2269646e6f7469636961223b733a303a22223b733a31343a2266656368615f726567697374726f223b733a303a22223b733a31333a2266656368615f6e6f7469636961223b733a303a22223b733a373a22746974756c6172223b733a303a22223b733a373a22726573756d656e223b733a303a22223b733a31313a2275726c5f6e6f7469636961223b733a303a22223b733a31313a2272656c5f69646d6564696f223b733a303a22223b733a31383a2272656c5f69646375657374696f6e6172696f223b733a303a22223b733a31333a2272656c5f69647573756172696f223b733a303a22223b733a31343a226964646570617274616d656e746f223b733a303a22223b733a373a226163746f726573223b613a303a7b7d733a353a2274656d6173223b613a303a7b7d733a383a2273756274656d6173223b613a303a7b7d733a353a226d6564696f223b613a303a7b7d733a31303a227469706f5f6d6564696f223b613a303a7b7d7d6e6f74696369615f6564697461626c657c693a31303b),
('8be8744ae98f573fc3f3a05a46f3858a6a1c6f73', '127.0.0.1', '0000-00-00 00:00:00', 0x5f5f63695f6c6173745f726567656e65726174657c693a313632363739373336373b6964656e746974797c733a31313a226d6f6e2d616c667265646f223b757365726e616d657c733a31313a226d6f6e2d616c667265646f223b656d61696c7c733a31373a22616c667265646f40676d61696c2e636f6d223b757365725f69647c733a313a2235223b6f6c645f6c6173745f6c6f67696e7c733a31303a2231363236373936363339223b6c6173745f636865636b7c693a313632363739363833313b736573696f6e5f6163746976617c623a313b6964646570617274616d656e746f7c733a313a2231223b646570617274616d656e746f7c733a363a224c612050617a223b65646963696f6e5f6163746976617c623a303b65735f6e756576615f6e6f74696369617c623a303b65735f6e756576615f6e6f7469636961317c623a303b6e7565766f5f666f726d7c693a303b6e6f74696369615f6e756576617c613a303a7b7d6e6f74696369615f6e75657661317c613a303a7b7d6e6f74696369615f6564697461626c657c693a31303b),
('8d86db88d96b83d66899368279df78f1026b4a52', '127.0.0.1', '0000-00-00 00:00:00', 0x5f5f63695f6c6173745f726567656e65726174657c693a313632363839353338343b),
('8df2c4f0cfe2d17eed94b90118fa622b2a81b6eb', '127.0.0.1', '0000-00-00 00:00:00', 0x5f5f63695f6c6173745f726567656e65726174657c693a313632363830363639313b6964656e746974797c733a31323a2261646d2d77696c667265646f223b757365726e616d657c733a31323a2261646d2d77696c667265646f223b656d61696c7c733a31333a2257696c6c4077696c6c2e636f6d223b757365725f69647c733a323a223532223b6f6c645f6c6173745f6c6f67696e7c733a31303a2231363236383035343734223b6c6173745f636865636b7c693a313632363830353836353b736573696f6e5f6163746976617c623a313b6964646570617274616d656e746f7c733a313a2231223b646570617274616d656e746f7c733a363a224c612050617a223b65646963696f6e5f6163746976617c623a303b65735f6e756576615f6e6f74696369617c623a303b65735f6e756576615f6e6f7469636961317c623a303b6e7565766f5f666f726d7c693a303b6e6f74696369615f6e756576617c613a303a7b7d6e6f74696369615f6e75657661317c613a303a7b7d6e6f74696369615f6564697461626c657c693a31303b),
('8efb7321f613fc50b7f6190d1b5d51b96a2167fc', '127.0.0.1', '0000-00-00 00:00:00', 0x5f5f63695f6c6173745f726567656e65726174657c693a313632363731393233363b6964656e746974797c733a31313a226d6f6e2d616c667265646f223b757365726e616d657c733a31313a226d6f6e2d616c667265646f223b656d61696c7c733a31373a22616c667265646f40676d61696c2e636f6d223b757365725f69647c733a313a2235223b6f6c645f6c6173745f6c6f67696e7c733a31303a2231363236373137343638223b6c6173745f636865636b7c693a313632363731373834383b736573696f6e5f6163746976617c623a313b6964646570617274616d656e746f7c733a313a2231223b646570617274616d656e746f7c733a363a224c612050617a223b65646963696f6e5f6163746976617c623a303b65735f6e756576615f6e6f74696369617c623a313b6e6f74696369615f6e756576617c4f3a383a22737464436c617373223a31353a7b733a393a2269646e6f7469636961223b733a303a22223b733a31343a2266656368615f726567697374726f223b733a303a22223b733a31333a2266656368615f6e6f7469636961223b733a303a22223b733a373a22746974756c6172223b733a303a22223b733a373a22726573756d656e223b733a303a22223b733a31313a2275726c5f6e6f7469636961223b733a303a22223b733a31313a2272656c5f69646d6564696f223b733a303a22223b733a31383a2272656c5f69646375657374696f6e6172696f223b733a303a22223b733a31333a2272656c5f69647573756172696f223b733a303a22223b733a31343a226964646570617274616d656e746f223b733a303a22223b733a373a226163746f726573223b613a303a7b7d733a353a2274656d6173223b613a303a7b7d733a383a2273756274656d6173223b613a303a7b7d733a353a226d6564696f223b613a303a7b7d733a31303a227469706f5f6d6564696f223b613a303a7b7d7d6e6f74696369615f6564697461626c657c693a31303b),
('8f312f55be4f8f969d4d471fab042bb316dd94b9', '127.0.0.1', '0000-00-00 00:00:00', 0x5f5f63695f6c6173745f726567656e65726174657c693a313632363830333538363b6964656e746974797c733a31313a226d6f6e2d616c667265646f223b757365726e616d657c733a31313a226d6f6e2d616c667265646f223b656d61696c7c733a31373a22616c667265646f40676d61696c2e636f6d223b757365725f69647c733a313a2235223b6f6c645f6c6173745f6c6f67696e7c733a31303a2231363236383032333830223b6c6173745f636865636b7c693a313632363830333538363b),
('90f031ba1af55a51792d8fb8a3560daaaedad6c0', '127.0.0.1', '0000-00-00 00:00:00', 0x5f5f63695f6c6173745f726567656e65726174657c693a313632363732343035363b6964656e746974797c733a31313a226d6f6e2d616c667265646f223b757365726e616d657c733a31313a226d6f6e2d616c667265646f223b656d61696c7c733a31373a22616c667265646f40676d61696c2e636f6d223b757365725f69647c733a313a2235223b6f6c645f6c6173745f6c6f67696e7c733a31303a2231363236373137383438223b6c6173745f636865636b7c693a313632363731393434383b736573696f6e5f6163746976617c623a313b6964646570617274616d656e746f7c733a313a2231223b646570617274616d656e746f7c733a363a224c612050617a223b65646963696f6e5f6163746976617c623a303b65735f6e756576615f6e6f74696369617c623a313b6e6f74696369615f6e756576617c4f3a383a22737464436c617373223a31353a7b733a393a2269646e6f7469636961223b733a303a22223b733a31343a2266656368615f726567697374726f223b733a303a22223b733a31333a2266656368615f6e6f7469636961223b733a31303a22323032312d30372d3134223b733a373a22746974756c6172223b733a373a22546974756c6172223b733a373a22726573756d656e223b733a31353a225061727261666f20726573756d656e223b733a31313a2275726c5f6e6f7469636961223b733a353a226874747470223b733a31313a2272656c5f69646d6564696f223b733a323a223338223b733a31383a2272656c5f69646375657374696f6e6172696f223b733a313a2231223b733a31333a2272656c5f69647573756172696f223b733a313a2235223b733a31343a226964646570617274616d656e746f223b733a303a22223b733a373a226163746f726573223b613a333a7b693a303b733a313a2231223b693a313b733a313a2236223b693a323b733a323a223130223b7d733a353a2274656d6173223b613a333a7b693a303b733a313a2231223b693a313b733a313a2236223b693a323b733a313a2230223b7d733a383a2273756274656d6173223b613a303a7b7d733a353a226d6564696f223b613a323a7b733a323a226964223b733a323a223338223b733a363a226e6f6d627265223b733a31323a2250414e414d45524943414e41223b7d733a31303a227469706f5f6d6564696f223b613a323a7b733a323a226964223b733a313a2233223b733a363a226e6f6d627265223b733a31343a22456d69736f72612072616469616c223b7d7d6e6f74696369615f6564697461626c657c693a31303b),
('90fe7ecd5f20f098bdebd8cb7f7271f8badcf5e8', '127.0.0.1', '0000-00-00 00:00:00', 0x5f5f63695f6c6173745f726567656e65726174657c693a313632363830313230383b6964656e746974797c733a31313a226d6f6e2d616c667265646f223b757365726e616d657c733a31313a226d6f6e2d616c667265646f223b656d61696c7c733a31373a22616c667265646f40676d61696c2e636f6d223b757365725f69647c733a313a2235223b6f6c645f6c6173745f6c6f67696e7c733a31303a2231363236373936383331223b6c6173745f636865636b7c693a313632363830303131363b736573696f6e5f6163746976617c623a313b6964646570617274616d656e746f7c733a313a2231223b646570617274616d656e746f7c733a363a224c612050617a223b65646963696f6e5f6163746976617c623a303b65735f6e756576615f6e6f74696369617c623a303b65735f6e756576615f6e6f7469636961317c623a313b6e7565766f5f666f726d7c693a303b6e6f74696369615f6e756576617c613a303a7b7d6e6f74696369615f6e75657661317c4f3a383a22737464436c617373223a31383a7b733a393a2269646e6f7469636961223b733a303a22223b733a31343a2266656368615f726567697374726f223b733a303a22223b733a31333a2266656368615f6e6f7469636961223b693a313632363831383430303b733a373a22746974756c6172223b733a373a22546974756c6172223b733a373a22726573756d656e223b733a31353a225061727261666f20726573756d656e223b733a31313a2275726c5f6e6f7469636961223b733a353a226874747470223b733a31313a2272656c5f69646d6564696f223b733a323a223233223b733a31383a2272656c5f69646375657374696f6e6172696f223b733a313a2232223b733a31333a2272656c5f69647573756172696f223b733a313a2235223b733a31343a226964646570617274616d656e746f223b733a303a22223b733a373a226163746f726573223b613a333a7b693a303b733a313a2231223b693a313b733a313a2236223b693a323b733a323a223130223b7d733a353a2274656d6173223b613a333a7b693a303b733a323a223131223b693a313b733a323a223134223b693a323b733a313a2230223b7d733a383a2273756274656d6173223b613a303a7b7d733a353a226d6564696f223b613a323a7b733a323a226964223b733a323a223233223b733a363a226e6f6d627265223b733a333a22415442223b7d733a31303a227469706f5f6d6564696f223b613a323a7b733a323a226964223b733a313a2232223b733a363a226e6f6d627265223b733a32303a2243616e616c2064652054656c6576697369c3b36e223b7d733a31353a2265735f736567756e646f5f7061736f223b623a313b733a31313a2265735f707265656e76696f223b623a303b733a393a226f74726f5f74656d61223b733a32333a226161616161616161612061616161616120616161616161223b7d6e6f74696369615f6564697461626c657c693a31303b),
('9107078a947a991c24184b057c2317b04bf8a2a1', '127.0.0.1', '0000-00-00 00:00:00', 0x5f5f63695f6c6173745f726567656e65726174657c693a313632363738383836383b6964656e746974797c733a31313a226d6f6e2d616c667265646f223b757365726e616d657c733a31313a226d6f6e2d616c667265646f223b656d61696c7c733a31373a22616c667265646f40676d61696c2e636f6d223b757365725f69647c733a313a2235223b6f6c645f6c6173745f6c6f67696e7c733a31303a2231363236373836383639223b6c6173745f636865636b7c693a313632363738383533363b736573696f6e5f6163746976617c623a313b6964646570617274616d656e746f7c733a313a2231223b646570617274616d656e746f7c733a363a224c612050617a223b65646963696f6e5f6163746976617c623a303b65735f6e756576615f6e6f74696369617c623a313b6e6f74696369615f6e756576617c4f3a383a22737464436c617373223a31373a7b733a393a2269646e6f7469636961223b733a303a22223b733a31343a2266656368615f726567697374726f223b733a303a22223b733a31333a2266656368615f6e6f7469636961223b733a303a22223b733a373a22746974756c6172223b733a303a22223b733a373a22726573756d656e223b733a303a22223b733a31313a2275726c5f6e6f7469636961223b733a303a22223b733a31313a2272656c5f69646d6564696f223b733a303a22223b733a31383a2272656c5f69646375657374696f6e6172696f223b733a303a22223b733a31333a2272656c5f69647573756172696f223b733a303a22223b733a31343a226964646570617274616d656e746f223b733a303a22223b733a373a226163746f726573223b613a303a7b7d733a353a2274656d6173223b613a303a7b7d733a383a2273756274656d6173223b613a303a7b7d733a353a226d6564696f223b613a303a7b7d733a31303a227469706f5f6d6564696f223b613a303a7b7d733a31353a2265735f736567756e646f5f7061736f223b623a303b733a31313a2265735f707265656e76696f223b623a303b7d6e6f74696369615f6564697461626c657c693a31303b6e6f74696369615f696e736572747c613a303a7b7d6e7565766f5f63317c623a303b7265666f726d617c613a303a7b7d6e7565766f5f63327c623a303b696e73747c613a303a7b7d),
('95abd8e24a07c042372e1aa220243c94b37348c6', '127.0.0.1', '0000-00-00 00:00:00', 0x5f5f63695f6c6173745f726567656e65726174657c693a313632363739363633393b6964656e746974797c733a31313a226d6f6e2d616c667265646f223b757365726e616d657c733a31313a226d6f6e2d616c667265646f223b656d61696c7c733a31373a22616c667265646f40676d61696c2e636f6d223b757365725f69647c733a313a2235223b6f6c645f6c6173745f6c6f67696e7c733a31303a2231363236373936303535223b6c6173745f636865636b7c693a313632363739363633393b),
('9693b9936c86508875608727ba3a18c8a7bcd85c', '127.0.0.1', '0000-00-00 00:00:00', 0x5f5f63695f6c6173745f726567656e65726174657c693a313632363738373738373b6964656e746974797c733a31313a226d6f6e2d616c667265646f223b757365726e616d657c733a31313a226d6f6e2d616c667265646f223b656d61696c7c733a31373a22616c667265646f40676d61696c2e636f6d223b757365725f69647c733a313a2235223b6f6c645f6c6173745f6c6f67696e7c733a31303a2231363236373735353433223b6c6173745f636865636b7c693a313632363738363836393b736573696f6e5f6163746976617c623a313b6964646570617274616d656e746f7c733a313a2231223b646570617274616d656e746f7c733a363a224c612050617a223b65646963696f6e5f6163746976617c623a303b65735f6e756576615f6e6f74696369617c623a313b6e6f74696369615f6e756576617c4f3a383a22737464436c617373223a31383a7b733a393a2269646e6f7469636961223b733a303a22223b733a31343a2266656368615f726567697374726f223b733a303a22223b733a31333a2266656368615f6e6f7469636961223b693a313632353039303430303b733a373a22746974756c6172223b733a373a22546974756c6172223b733a373a22726573756d656e223b733a31353a225061727261666f20726573756d656e223b733a31313a2275726c5f6e6f7469636961223b733a353a226874747470223b733a31313a2272656c5f69646d6564696f223b733a323a223233223b733a31383a2272656c5f69646375657374696f6e6172696f223b733a313a2231223b733a31333a2272656c5f69647573756172696f223b733a313a2235223b733a31343a226964646570617274616d656e746f223b733a303a22223b733a373a226163746f726573223b613a333a7b693a303b733a313a2231223b693a313b733a313a2235223b693a323b733a323a223130223b7d733a353a2274656d6173223b613a333a7b693a303b733a313a2231223b693a313b733a313a2236223b693a323b733a313a2230223b7d733a383a2273756274656d6173223b613a303a7b7d733a353a226d6564696f223b613a323a7b733a323a226964223b733a323a223233223b733a363a226e6f6d627265223b733a333a22415442223b7d733a31303a227469706f5f6d6564696f223b613a323a7b733a323a226964223b733a313a2232223b733a363a226e6f6d627265223b733a32303a2243616e616c2064652054656c6576697369c3b36e223b7d733a31353a2265735f736567756e646f5f7061736f223b623a313b733a31313a2265735f707265656e76696f223b623a303b733a393a226f74726f5f74656d61223b733a32373a224f74726f2074656d61207265666f726d6120656c6563746f72616c223b7d6e6f74696369615f6564697461626c657c693a31303b),
('970e181acc7574f83cd20adbc5811fc2039d3916', '127.0.0.1', '0000-00-00 00:00:00', 0x5f5f63695f6c6173745f726567656e65726174657c693a313632363739383630363b6964656e746974797c733a31313a226d6f6e2d616c667265646f223b757365726e616d657c733a31313a226d6f6e2d616c667265646f223b656d61696c7c733a31373a22616c667265646f40676d61696c2e636f6d223b757365725f69647c733a313a2235223b6f6c645f6c6173745f6c6f67696e7c733a31303a2231363236373936363339223b6c6173745f636865636b7c693a313632363739363833313b736573696f6e5f6163746976617c623a313b6964646570617274616d656e746f7c733a313a2231223b646570617274616d656e746f7c733a363a224c612050617a223b65646963696f6e5f6163746976617c623a303b65735f6e756576615f6e6f74696369617c623a313b65735f6e756576615f6e6f7469636961317c623a303b6e7565766f5f666f726d7c693a303b6e6f74696369615f6e756576617c613a303a7b7d6e6f74696369615f6e75657661317c4f3a383a22737464436c617373223a31373a7b733a393a2269646e6f7469636961223b733a303a22223b733a31343a2266656368615f726567697374726f223b733a303a22223b733a31333a2266656368615f6e6f7469636961223b733a303a22223b733a373a22746974756c6172223b733a303a22223b733a373a22726573756d656e223b733a303a22223b733a31313a2275726c5f6e6f7469636961223b733a303a22223b733a31313a2272656c5f69646d6564696f223b733a303a22223b733a31383a2272656c5f69646375657374696f6e6172696f223b733a303a22223b733a31333a2272656c5f69647573756172696f223b733a303a22223b733a31343a226964646570617274616d656e746f223b733a303a22223b733a373a226163746f726573223b613a303a7b7d733a353a2274656d6173223b613a303a7b7d733a383a2273756274656d6173223b613a303a7b7d733a353a226d6564696f223b613a303a7b7d733a31303a227469706f5f6d6564696f223b613a303a7b7d733a31353a2265735f736567756e646f5f7061736f223b623a303b733a31313a2265735f707265656e76696f223b623a303b7d6e6f74696369615f6564697461626c657c693a31303b7265666f726d617c4f3a383a22737464436c617373223a31333a7b733a31343a2266656368615f726567697374726f223b693a313632363739383234373b733a31333a2266656368615f6e6f7469636961223b693a313632353630383830303b733a373a22746974756c6172223b733a373a22546974756c6172223b733a373a22726573756d656e223b733a31353a225061727261666f20726573756d656e223b733a31313a2275726c5f6e6f7469636961223b733a353a226874747470223b733a31333a2272656c5f69647573756172696f223b733a313a2235223b733a31323a226964666f726d756c6172696f223b733a313a2232223b733a31313a2272656c5f69646d6564696f223b733a323a223233223b733a373a226163746f726573223b4e3b733a353a2274656d6173223b4e3b733a393a226f74726f5f74656d61223b4e3b733a383a2273756274656d6173223b613a303a7b7d733a31343a226f74726f735f73756274656d6173223b613a303a7b7d7d6e6f74696369615f696e736572747c723a33353b),
('9756d214364be7d5a3b016ff4f0d9f26d022b8c2', '127.0.0.1', '0000-00-00 00:00:00', 0x5f5f63695f6c6173745f726567656e65726174657c693a313632363732313238373b6964656e746974797c733a31313a226d6f6e2d616c667265646f223b757365726e616d657c733a31313a226d6f6e2d616c667265646f223b656d61696c7c733a31373a22616c667265646f40676d61696c2e636f6d223b757365725f69647c733a313a2235223b6f6c645f6c6173745f6c6f67696e7c733a31303a2231363236373137383438223b6c6173745f636865636b7c693a313632363731393434383b736573696f6e5f6163746976617c623a313b6964646570617274616d656e746f7c733a313a2231223b646570617274616d656e746f7c733a363a224c612050617a223b65646963696f6e5f6163746976617c623a303b65735f6e756576615f6e6f74696369617c623a313b6e6f74696369615f6e756576617c4f3a383a22737464436c617373223a31353a7b733a393a2269646e6f7469636961223b733a303a22223b733a31343a2266656368615f726567697374726f223b733a303a22223b733a31333a2266656368615f6e6f7469636961223b733a303a22223b733a373a22746974756c6172223b733a303a22223b733a373a22726573756d656e223b733a303a22223b733a31313a2275726c5f6e6f7469636961223b733a303a22223b733a31313a2272656c5f69646d6564696f223b733a303a22223b733a31383a2272656c5f69646375657374696f6e6172696f223b733a303a22223b733a31333a2272656c5f69647573756172696f223b733a303a22223b733a31343a226964646570617274616d656e746f223b733a303a22223b733a373a226163746f726573223b613a303a7b7d733a353a2274656d6173223b613a303a7b7d733a383a2273756274656d6173223b613a303a7b7d733a353a226d6564696f223b613a303a7b7d733a31303a227469706f5f6d6564696f223b613a303a7b7d7d6e6f74696369615f6564697461626c657c693a31303b),
('9792fadc1c5ec2a8c3b021d8a0b9516f63e19c7f', '127.0.0.1', '0000-00-00 00:00:00', 0x5f5f63695f6c6173745f726567656e65726174657c693a313632363732303530353b6964656e746974797c733a31313a226d6f6e2d616c667265646f223b757365726e616d657c733a31313a226d6f6e2d616c667265646f223b656d61696c7c733a31373a22616c667265646f40676d61696c2e636f6d223b757365725f69647c733a313a2235223b6f6c645f6c6173745f6c6f67696e7c733a31303a2231363236373137383438223b6c6173745f636865636b7c693a313632363731393434383b736573696f6e5f6163746976617c623a313b6964646570617274616d656e746f7c733a313a2231223b646570617274616d656e746f7c733a363a224c612050617a223b65646963696f6e5f6163746976617c623a303b65735f6e756576615f6e6f74696369617c623a313b6e6f74696369615f6e756576617c4f3a383a22737464436c617373223a31353a7b733a393a2269646e6f7469636961223b733a303a22223b733a31343a2266656368615f726567697374726f223b733a303a22223b733a31333a2266656368615f6e6f7469636961223b733a303a22223b733a373a22746974756c6172223b733a303a22223b733a373a22726573756d656e223b733a303a22223b733a31313a2275726c5f6e6f7469636961223b733a303a22223b733a31313a2272656c5f69646d6564696f223b733a303a22223b733a31383a2272656c5f69646375657374696f6e6172696f223b733a303a22223b733a31333a2272656c5f69647573756172696f223b733a303a22223b733a31343a226964646570617274616d656e746f223b733a303a22223b733a373a226163746f726573223b613a303a7b7d733a353a2274656d6173223b613a303a7b7d733a383a2273756274656d6173223b613a303a7b7d733a353a226d6564696f223b613a303a7b7d733a31303a227469706f5f6d6564696f223b613a303a7b7d7d6e6f74696369615f6564697461626c657c693a31303b),
('999aef2894fc8b3435dc039b6342302dc233b53d', '127.0.0.1', '0000-00-00 00:00:00', 0x5f5f63695f6c6173745f726567656e65726174657c693a313632363732333732353b6964656e746974797c733a31313a226d6f6e2d616c667265646f223b757365726e616d657c733a31313a226d6f6e2d616c667265646f223b656d61696c7c733a31373a22616c667265646f40676d61696c2e636f6d223b757365725f69647c733a313a2235223b6f6c645f6c6173745f6c6f67696e7c733a31303a2231363236373137383438223b6c6173745f636865636b7c693a313632363731393434383b736573696f6e5f6163746976617c623a313b6964646570617274616d656e746f7c733a313a2231223b646570617274616d656e746f7c733a363a224c612050617a223b65646963696f6e5f6163746976617c623a303b65735f6e756576615f6e6f74696369617c623a313b6e6f74696369615f6e756576617c4f3a383a22737464436c617373223a31353a7b733a393a2269646e6f7469636961223b733a303a22223b733a31343a2266656368615f726567697374726f223b733a303a22223b733a31333a2266656368615f6e6f7469636961223b733a31303a22323032312d30372d3134223b733a373a22746974756c6172223b733a373a22546974756c6172223b733a373a22726573756d656e223b733a31353a225061727261666f20726573756d656e223b733a31313a2275726c5f6e6f7469636961223b733a353a226874747470223b733a31313a2272656c5f69646d6564696f223b733a323a223134223b733a31383a2272656c5f69646375657374696f6e6172696f223b733a313a2231223b733a31333a2272656c5f69647573756172696f223b733a313a2235223b733a31343a226964646570617274616d656e746f223b733a303a22223b733a373a226163746f726573223b613a303a7b7d733a353a2274656d6173223b613a303a7b7d733a383a2273756274656d6173223b613a303a7b7d733a353a226d6564696f223b613a323a7b733a323a226964223b733a323a223134223b733a363a226e6f6d627265223b733a393a22504147494e41203720223b7d733a31303a227469706f5f6d6564696f223b613a323a7b733a323a226964223b733a313a2234223b733a363a226e6f6d627265223b733a31343a225072656e73612045736372697461223b7d7d6e6f74696369615f6564697461626c657c693a31303b),
('99d316599e898b4d3aa9e2e2a362d995c06c366a', '127.0.0.1', '0000-00-00 00:00:00', 0x5f5f63695f6c6173745f726567656e65726174657c693a313632363732383332303b6964656e746974797c733a31313a226d6f6e2d616c667265646f223b757365726e616d657c733a31313a226d6f6e2d616c667265646f223b656d61696c7c733a31373a22616c667265646f40676d61696c2e636f6d223b757365725f69647c733a313a2235223b6f6c645f6c6173745f6c6f67696e7c733a31303a2231363236373237313134223b6c6173745f636865636b7c693a313632363732373233303b736573696f6e5f6163746976617c623a313b6964646570617274616d656e746f7c733a313a2231223b646570617274616d656e746f7c733a363a224c612050617a223b65646963696f6e5f6163746976617c623a303b65735f6e756576615f6e6f74696369617c623a313b6e6f74696369615f6e756576617c4f3a383a22737464436c617373223a31383a7b733a393a2269646e6f7469636961223b733a303a22223b733a31343a2266656368615f726567697374726f223b733a303a22223b733a31333a2266656368615f6e6f7469636961223b733a31303a22323032312d30372d3232223b733a373a22746974756c6172223b733a373a22546974756c6172223b733a373a22726573756d656e223b733a31353a225061727261666f20726573756d656e223b733a31313a2275726c5f6e6f7469636961223b733a353a226874747470223b733a31313a2272656c5f69646d6564696f223b733a323a223437223b733a31383a2272656c5f69646375657374696f6e6172696f223b733a313a2231223b733a31333a2272656c5f69647573756172696f223b733a313a2235223b733a31343a226964646570617274616d656e746f223b733a303a22223b733a373a226163746f726573223b613a323a7b693a303b733a313a2231223b693a313b733a323a223130223b7d733a353a2274656d6173223b613a333a7b693a303b733a313a2231223b693a313b733a313a2236223b693a323b733a313a2230223b7d733a383a2273756274656d6173223b613a303a7b7d733a353a226d6564696f223b613a323a7b733a323a226964223b733a323a223437223b733a363a226e6f6d627265223b733a383a22494c4c494d414e49223b7d733a31303a227469706f5f6d6564696f223b613a323a7b733a323a226964223b733a313a2236223b733a363a226e6f6d627265223b733a31313a22526164696f20527572616c223b7d733a31353a2265735f736567756e646f5f7061736f223b623a313b733a31313a2265735f707265656e76696f223b623a303b733a393a226f74726f5f74656d61223b733a383a224f54524f20524553223b7d6e6f74696369615f6564697461626c657c693a31303b);
INSERT INTO `ci_sessions` (`id`, `ip_address`, `timestamp`, `data`) VALUES
('9c440d5a8bb2120a1a0d33bddf12d6264fd649fd', '127.0.0.1', '0000-00-00 00:00:00', 0x5f5f63695f6c6173745f726567656e65726174657c693a313632373034333134333b6964656e746974797c733a31313a226d6f6e2d616c667265646f223b757365726e616d657c733a31313a226d6f6e2d616c667265646f223b656d61696c7c733a31373a22616c667265646f40676d61696c2e636f6d223b757365725f69647c733a313a2235223b6f6c645f6c6173745f6c6f67696e7c733a31303a2231363237303430303835223b6c6173745f636865636b7c693a313632373034323738343b736573696f6e5f6163746976617c623a313b6964646570617274616d656e746f7c733a313a2231223b646570617274616d656e746f7c733a363a224c612050617a223b65646963696f6e5f6163746976617c623a303b65735f6e756576615f6e6f74696369617c623a303b65735f6e756576615f6e6f7469636961317c623a303b65735f6e756576615f6e6f7469636961327c623a313b6e7565766f5f666f726d7c693a303b6e6f74696369615f6e756576617c613a303a7b7d6e6f74696369615f6e75657661317c613a303a7b7d6e6f74696369615f6e75657661327c4f3a383a22737464436c617373223a31383a7b733a393a2269646e6f7469636961223b733a303a22223b733a31343a2266656368615f726567697374726f223b733a303a22223b733a31333a2266656368615f6e6f7469636961223b693a313632373638323430303b733a373a22746974756c6172223b733a32313a22546974756c6172206465206c61206e6f7469636961223b733a373a22726573756d656e223b733a33333a22526573756d656e2064656c20746974756c6172206465206c61206e6f7469636961223b733a31313a2275726c5f6e6f7469636961223b733a303a22223b733a31313a2272656c5f69646d6564696f223b733a323a223338223b733a31383a2272656c5f69646375657374696f6e6172696f223b733a313a2233223b733a31333a2272656c5f69647573756172696f223b733a313a2235223b733a31343a226964646570617274616d656e746f223b733a303a22223b733a373a226163746f726573223b613a313a7b693a303b733a313a2234223b7d733a353a2274656d6173223b613a353a7b693a303b733a323a223136223b693a313b733a323a223137223b693a323b733a323a223138223b693a333b733a323a223139223b693a343b733a313a2230223b7d733a383a2273756274656d6173223b613a303a7b7d733a353a226d6564696f223b613a323a7b733a323a226964223b733a323a223338223b733a363a226e6f6d627265223b733a31323a2250414e414d45524943414e41223b7d733a31303a227469706f5f6d6564696f223b613a323a7b733a323a226964223b733a313a2233223b733a363a226e6f6d627265223b733a31343a22456d69736f72612072616469616c223b7d733a31353a2265735f736567756e646f5f7061736f223b623a313b733a31313a2265735f707265656e76696f223b623a303b733a393a226f74726f5f74656d61223b733a343a2264656465223b7d6e6f74696369615f6564697461626c657c693a31303b6e6f74696369615f696e736572747c613a303a7b7d),
('9efc90157c93958e6a8a3d91c6e8b9af21ab7f8e', '127.0.0.1', '0000-00-00 00:00:00', 0x5f5f63695f6c6173745f726567656e65726174657c693a313632373034323236313b6964656e746974797c733a31313a226d6f6e2d616c667265646f223b757365726e616d657c733a31313a226d6f6e2d616c667265646f223b656d61696c7c733a31373a22616c667265646f40676d61696c2e636f6d223b757365725f69647c733a313a2235223b6f6c645f6c6173745f6c6f67696e7c733a31303a2231363237303131383730223b6c6173745f636865636b7c693a313632373034303038353b736573696f6e5f6163746976617c623a313b6964646570617274616d656e746f7c733a313a2231223b646570617274616d656e746f7c733a363a224c612050617a223b65646963696f6e5f6163746976617c623a303b65735f6e756576615f6e6f74696369617c623a303b65735f6e756576615f6e6f7469636961317c623a303b6e7565766f5f666f726d7c693a303b6e6f74696369615f6e756576617c613a303a7b7d6e6f74696369615f6e75657661317c613a303a7b7d6e6f74696369615f6564697461626c657c693a31303b6e6f74696369615f696e736572747c613a303a7b7d6e7565766f5f63317c623a303b7265666f726d617c613a303a7b7d6e7565766f5f63327c623a303b696e73747c613a303a7b7d),
('a1d23bf15ae4eace3f1a8043ea31dcb8e313e499', '127.0.0.1', '0000-00-00 00:00:00', 0x5f5f63695f6c6173745f726567656e65726174657c693a313632363735373937353b6964656e746974797c733a31313a226d6f6e2d616c667265646f223b757365726e616d657c733a31313a226d6f6e2d616c667265646f223b656d61696c7c733a31373a22616c667265646f40676d61696c2e636f6d223b757365725f69647c733a313a2235223b6f6c645f6c6173745f6c6f67696e7c733a31303a2231363236373237323330223b6c6173745f636865636b7c693a313632363735373330323b736573696f6e5f6163746976617c623a313b6964646570617274616d656e746f7c733a313a2231223b646570617274616d656e746f7c733a363a224c612050617a223b65646963696f6e5f6163746976617c623a303b65735f6e756576615f6e6f74696369617c623a313b6e6f74696369615f6e756576617c4f3a383a22737464436c617373223a31383a7b733a393a2269646e6f7469636961223b733a303a22223b733a31343a2266656368615f726567697374726f223b733a303a22223b733a31333a2266656368615f6e6f7469636961223b693a313632363231333630303b733a373a22746974756c6172223b733a373a22546974756c6172223b733a373a22726573756d656e223b733a31353a225061727261666f20726573756d656e223b733a31313a2275726c5f6e6f7469636961223b733a353a226874747470223b733a31313a2272656c5f69646d6564696f223b733a323a223338223b733a31383a2272656c5f69646375657374696f6e6172696f223b733a313a2231223b733a31333a2272656c5f69647573756172696f223b733a313a2235223b733a31343a226964646570617274616d656e746f223b733a303a22223b733a373a226163746f726573223b613a323a7b693a303b733a313a2231223b693a313b733a323a223130223b7d733a353a2274656d6173223b613a343a7b693a303b733a313a2231223b693a313b733a313a2235223b693a323b733a313a2239223b693a333b733a313a2230223b7d733a383a2273756274656d6173223b613a303a7b7d733a353a226d6564696f223b613a323a7b733a323a226964223b733a323a223338223b733a363a226e6f6d627265223b733a31323a2250414e414d45524943414e41223b7d733a31303a227469706f5f6d6564696f223b613a323a7b733a323a226964223b733a313a2233223b733a363a226e6f6d627265223b733a31343a22456d69736f72612072616469616c223b7d733a31353a2265735f736567756e646f5f7061736f223b623a313b733a31313a2265735f707265656e76696f223b623a303b733a393a226f74726f5f74656d61223b733a31373a2245737465206573206f74726f2074656d61223b7d6e6f74696369615f6564697461626c657c693a31303b),
('a2c4b0255987650dcc452bc4da6ca92a0db35874', '127.0.0.1', '0000-00-00 00:00:00', 0x5f5f63695f6c6173745f726567656e65726174657c693a313632363830313936383b6964656e746974797c733a31313a226d6f6e2d616c667265646f223b757365726e616d657c733a31313a226d6f6e2d616c667265646f223b656d61696c7c733a31373a22616c667265646f40676d61696c2e636f6d223b757365725f69647c733a313a2235223b6f6c645f6c6173745f6c6f67696e7c733a31303a2231363236373936383331223b6c6173745f636865636b7c693a313632363830303131363b736573696f6e5f6163746976617c623a313b6964646570617274616d656e746f7c733a313a2231223b646570617274616d656e746f7c733a363a224c612050617a223b65646963696f6e5f6163746976617c623a303b65735f6e756576615f6e6f74696369617c623a303b65735f6e756576615f6e6f7469636961317c623a313b6e7565766f5f666f726d7c693a303b6e6f74696369615f6e756576617c4f3a383a22737464436c617373223a31383a7b733a393a2269646e6f7469636961223b733a303a22223b733a31343a2266656368615f726567697374726f223b733a303a22223b733a31333a2266656368615f6e6f7469636961223b693a313632363831383430303b733a373a22746974756c6172223b733a373a22546974756c6172223b733a373a22726573756d656e223b733a31353a225061727261666f20726573756d656e223b733a31313a2275726c5f6e6f7469636961223b733a353a226874747470223b733a31313a2272656c5f69646d6564696f223b733a323a223134223b733a31383a2272656c5f69646375657374696f6e6172696f223b733a313a2232223b733a31333a2272656c5f69647573756172696f223b733a313a2235223b733a31343a226964646570617274616d656e746f223b733a303a22223b733a373a226163746f726573223b613a333a7b693a303b733a313a2231223b693a313b733a313a2236223b693a323b733a323a223130223b7d733a353a2274656d6173223b613a333a7b693a303b733a323a223131223b693a313b733a323a223134223b693a323b733a313a2230223b7d733a383a2273756274656d6173223b613a303a7b7d733a353a226d6564696f223b613a323a7b733a323a226964223b733a323a223134223b733a363a226e6f6d627265223b733a393a22504147494e41203720223b7d733a31303a227469706f5f6d6564696f223b613a323a7b733a323a226964223b733a313a2234223b733a363a226e6f6d627265223b733a31343a225072656e73612045736372697461223b7d733a31353a2265735f736567756e646f5f7061736f223b623a313b733a31313a2265735f707265656e76696f223b623a303b733a393a226f74726f5f74656d61223b4e3b7d6e6f74696369615f6e75657661317c723a31353b6e6f74696369615f6564697461626c657c693a31303b),
('a35071d0735fe580d3fdb69c4189d4f62c7fe87f', '127.0.0.1', '0000-00-00 00:00:00', 0x5f5f63695f6c6173745f726567656e65726174657c693a313632363732373131353b6964656e746974797c733a31313a226d6f6e2d616c667265646f223b757365726e616d657c733a31313a226d6f6e2d616c667265646f223b656d61696c7c733a31373a22616c667265646f40676d61696c2e636f6d223b757365725f69647c733a313a2235223b6f6c645f6c6173745f6c6f67696e7c733a31303a2231363236373236383834223b6c6173745f636865636b7c693a313632363732373131343b),
('a4d84839bef71d0bdabe40a25b5d6ba1967df582', '127.0.0.1', '0000-00-00 00:00:00', 0x5f5f63695f6c6173745f726567656e65726174657c693a313632363739393830363b6964656e746974797c733a31313a226d6f6e2d616c667265646f223b757365726e616d657c733a31313a226d6f6e2d616c667265646f223b656d61696c7c733a31373a22616c667265646f40676d61696c2e636f6d223b757365725f69647c733a313a2235223b6f6c645f6c6173745f6c6f67696e7c733a31303a2231363236373936363339223b6c6173745f636865636b7c693a313632363739363833313b736573696f6e5f6163746976617c623a313b6964646570617274616d656e746f7c733a313a2231223b646570617274616d656e746f7c733a363a224c612050617a223b65646963696f6e5f6163746976617c623a303b65735f6e756576615f6e6f74696369617c623a313b65735f6e756576615f6e6f7469636961317c623a303b6e7565766f5f666f726d7c693a303b6e6f74696369615f6e756576617c613a303a7b7d6e6f74696369615f6e75657661317c4f3a383a22737464436c617373223a31373a7b733a393a2269646e6f7469636961223b733a303a22223b733a31343a2266656368615f726567697374726f223b733a303a22223b733a31333a2266656368615f6e6f7469636961223b733a303a22223b733a373a22746974756c6172223b733a303a22223b733a373a22726573756d656e223b733a303a22223b733a31313a2275726c5f6e6f7469636961223b733a303a22223b733a31313a2272656c5f69646d6564696f223b733a303a22223b733a31383a2272656c5f69646375657374696f6e6172696f223b733a303a22223b733a31333a2272656c5f69647573756172696f223b733a303a22223b733a31343a226964646570617274616d656e746f223b733a303a22223b733a373a226163746f726573223b613a303a7b7d733a353a2274656d6173223b613a303a7b7d733a383a2273756274656d6173223b613a303a7b7d733a353a226d6564696f223b613a303a7b7d733a31303a227469706f5f6d6564696f223b613a303a7b7d733a31353a2265735f736567756e646f5f7061736f223b623a303b733a31313a2265735f707265656e76696f223b623a303b7d6e6f74696369615f6564697461626c657c693a31303b7265666f726d617c4f3a383a22737464436c617373223a31333a7b733a31343a2266656368615f726567697374726f223b693a313632363739383933323b733a31333a2266656368615f6e6f7469636961223b693a313632363930343830303b733a373a22746974756c6172223b733a373a22546974756c6172223b733a373a22726573756d656e223b733a31353a225061727261666f20726573756d656e223b733a31313a2275726c5f6e6f7469636961223b733a353a226874747470223b733a31333a2272656c5f69647573756172696f223b733a313a2235223b733a31323a226964666f726d756c6172696f223b733a313a2232223b733a31313a2272656c5f69646d6564696f223b733a323a223437223b733a373a226163746f726573223b613a313a7b693a303b733a313a2238223b7d733a353a2274656d6173223b4e3b733a393a226f74726f5f74656d61223b4e3b733a383a2273756274656d6173223b613a313a7b693a31353b4e3b7d733a31343a226f74726f735f73756274656d6173223b613a313a7b693a31353b4e3b7d7d6e6f74696369615f696e736572747c723a33353b),
('a79e2374a7786fd9ce105c0d15115108f041d688', '127.0.0.1', '0000-00-00 00:00:00', 0x5f5f63695f6c6173745f726567656e65726174657c693a313632363830323137343b6964656e746974797c733a31313a226d6f6e2d616c667265646f223b757365726e616d657c733a31313a226d6f6e2d616c667265646f223b656d61696c7c733a31373a22616c667265646f40676d61696c2e636f6d223b757365725f69647c733a313a2235223b6f6c645f6c6173745f6c6f67696e7c733a31303a2231363236383030313136223b6c6173745f636865636b7c693a313632363830323137333b),
('a94ef486b9a1986c011d65e22b6e01577ee9fad0', '127.0.0.1', '0000-00-00 00:00:00', 0x5f5f63695f6c6173745f726567656e65726174657c693a313632363739333435363b6964656e746974797c733a31313a226d6f6e2d616c667265646f223b757365726e616d657c733a31313a226d6f6e2d616c667265646f223b656d61696c7c733a31373a22616c667265646f40676d61696c2e636f6d223b757365725f69647c733a313a2235223b6f6c645f6c6173745f6c6f67696e7c733a31303a2231363236373838353336223b6c6173745f636865636b7c693a313632363739303436313b736573696f6e5f6163746976617c623a313b6964646570617274616d656e746f7c733a313a2231223b646570617274616d656e746f7c733a363a224c612050617a223b65646963696f6e5f6163746976617c623a303b65735f6e756576615f6e6f74696369617c623a313b6e6f74696369615f6e756576617c4f3a383a22737464436c617373223a31393a7b733a393a2269646e6f7469636961223b733a303a22223b733a31343a2266656368615f726567697374726f223b693a313632363739323737323b733a31333a2266656368615f6e6f7469636961223b693a313632363733323030303b733a373a22746974756c6172223b733a373a22546974756c6172223b733a373a22726573756d656e223b733a31353a225061727261666f20726573756d656e223b733a31313a2275726c5f6e6f7469636961223b733a353a226874747470223b733a31313a2272656c5f69646d6564696f223b733a323a223234223b733a31383a2272656c5f69646375657374696f6e6172696f223b733a313a2231223b733a31333a2272656c5f69647573756172696f223b733a313a2235223b733a31343a226964646570617274616d656e746f223b733a303a22223b733a373a226163746f726573223b613a343a7b693a303b733a313a2231223b693a313b733a313a2235223b693a323b733a313a2239223b693a333b733a323a223130223b7d733a353a2274656d6173223b613a343a7b693a303b733a313a2231223b693a313b733a313a2235223b693a323b733a313a2238223b693a333b733a313a2230223b7d733a383a2273756274656d6173223b613a333a7b693a313b613a323a7b693a303b733a313a2231223b693a313b733a313a2230223b7d693a353b613a313a7b693a303b733a323a223234223b7d693a383b613a323a7b693a303b733a313a2239223b693a313b733a323a223131223b7d7d733a353a226d6564696f223b613a323a7b733a323a226964223b733a323a223234223b733a363a226e6f6d627265223b733a373a2252454420554e4f223b7d733a31303a227469706f5f6d6564696f223b613a323a7b733a323a226964223b733a313a2232223b733a363a226e6f6d627265223b733a32303a2243616e616c2064652054656c6576697369c3b36e223b7d733a31353a2265735f736567756e646f5f7061736f223b623a313b733a31313a2265735f707265656e76696f223b623a313b733a393a226f74726f5f74656d61223b733a33303a224f74726f2074656d61206465207265666f726d6120656c6563746f72616c223b733a31343a226f74726f735f73756274656d6173223b613a333a7b693a313b733a333a22616161223b693a353b733a333a22626262223b693a383b733a343a2263636363223b7d7d6e6f74696369615f6564697461626c657c693a31303b6e6f74696369615f696e736572747c723a31333b6e7565766f5f63317c623a303b7265666f726d617c613a303a7b7d6e7565766f5f63327c623a303b696e73747c613a303a7b7d),
('aa91a6347a15e1cac453c78bbc0003e856af0e52', '127.0.0.1', '0000-00-00 00:00:00', 0x5f5f63695f6c6173745f726567656e65726174657c693a313632373034323738353b6964656e746974797c733a31313a226d6f6e2d616c667265646f223b757365726e616d657c733a31313a226d6f6e2d616c667265646f223b656d61696c7c733a31373a22616c667265646f40676d61696c2e636f6d223b757365725f69647c733a313a2235223b6f6c645f6c6173745f6c6f67696e7c733a31303a2231363237303430303835223b6c6173745f636865636b7c693a313632373034323738343b),
('b104b7a5ac13b3a0fe5b73db8b283270f22a5661', '127.0.0.1', '0000-00-00 00:00:00', 0x5f5f63695f6c6173745f726567656e65726174657c693a313632363732343736323b6964656e746974797c733a31313a226d6f6e2d616c667265646f223b757365726e616d657c733a31313a226d6f6e2d616c667265646f223b656d61696c7c733a31373a22616c667265646f40676d61696c2e636f6d223b757365725f69647c733a313a2235223b6f6c645f6c6173745f6c6f67696e7c733a31303a2231363236373137383438223b6c6173745f636865636b7c693a313632363731393434383b736573696f6e5f6163746976617c623a313b6964646570617274616d656e746f7c733a313a2231223b646570617274616d656e746f7c733a363a224c612050617a223b65646963696f6e5f6163746976617c623a303b65735f6e756576615f6e6f74696369617c623a313b6e6f74696369615f6e756576617c4f3a383a22737464436c617373223a31363a7b733a393a2269646e6f7469636961223b733a303a22223b733a31343a2266656368615f726567697374726f223b733a303a22223b733a31333a2266656368615f6e6f7469636961223b733a31303a22323032312d30372d3134223b733a373a22746974756c6172223b733a373a22546974756c6172223b733a373a22726573756d656e223b733a31353a225061727261666f20726573756d656e223b733a31313a2275726c5f6e6f7469636961223b733a353a226874747470223b733a31313a2272656c5f69646d6564696f223b733a323a223437223b733a31383a2272656c5f69646375657374696f6e6172696f223b733a313a2231223b733a31333a2272656c5f69647573756172696f223b733a313a2235223b733a31343a226964646570617274616d656e746f223b733a303a22223b733a373a226163746f726573223b613a333a7b693a303b733a313a2231223b693a313b733a313a2236223b693a323b733a323a223130223b7d733a353a2274656d6173223b613a333a7b693a303b733a313a2231223b693a313b733a313a2236223b693a323b733a313a2230223b7d733a383a2273756274656d6173223b613a303a7b7d733a353a226d6564696f223b613a323a7b733a323a226964223b733a323a223437223b733a363a226e6f6d627265223b733a383a22494c4c494d414e49223b7d733a31303a227469706f5f6d6564696f223b613a323a7b733a323a226964223b733a313a2236223b733a363a226e6f6d627265223b733a31313a22526164696f20527572616c223b7d733a393a226f74726f5f74656d61223b733a31373a2245737465206573206f74726f2074656d61223b7d6e6f74696369615f6564697461626c657c693a31303b),
('bb283d74833c996d47c841ea43481a453468d39b', '127.0.0.1', '0000-00-00 00:00:00', 0x5f5f63695f6c6173745f726567656e65726174657c693a313632373034323637393b6964656e746974797c733a31313a226d6f6e2d616c667265646f223b757365726e616d657c733a31313a226d6f6e2d616c667265646f223b656d61696c7c733a31373a22616c667265646f40676d61696c2e636f6d223b757365725f69647c733a313a2235223b6f6c645f6c6173745f6c6f67696e7c733a31303a2231363237303131383730223b6c6173745f636865636b7c693a313632373034303038353b736573696f6e5f6163746976617c623a313b6964646570617274616d656e746f7c733a313a2231223b646570617274616d656e746f7c733a363a224c612050617a223b65646963696f6e5f6163746976617c623a303b65735f6e756576615f6e6f74696369617c623a303b65735f6e756576615f6e6f7469636961317c623a313b6e7565766f5f666f726d7c693a303b6e6f74696369615f6e756576617c613a303a7b7d6e6f74696369615f6e75657661317c613a303a7b7d6e6f74696369615f6564697461626c657c693a31303b6e6f74696369615f696e736572747c613a303a7b7d6e7565766f5f63317c623a303b7265666f726d617c613a303a7b7d6e7565766f5f63327c623a303b696e73747c613a303a7b7d),
('c0965465e6f68ef2de3aeb99ce7de325b44be717', '127.0.0.1', '0000-00-00 00:00:00', 0x5f5f63695f6c6173745f726567656e65726174657c693a313632363738363837303b6964656e746974797c733a31313a226d6f6e2d616c667265646f223b757365726e616d657c733a31313a226d6f6e2d616c667265646f223b656d61696c7c733a31373a22616c667265646f40676d61696c2e636f6d223b757365725f69647c733a313a2235223b6f6c645f6c6173745f6c6f67696e7c733a31303a2231363236373735353433223b6c6173745f636865636b7c693a313632363738363836393b),
('c46430d6d9355955380ef7942460fd99d72c37c4', '127.0.0.1', '0000-00-00 00:00:00', 0x5f5f63695f6c6173745f726567656e65726174657c693a313632363830333933313b6964656e746974797c733a31313a226d6f6e2d616c667265646f223b757365726e616d657c733a31313a226d6f6e2d616c667265646f223b656d61696c7c733a31373a22616c667265646f40676d61696c2e636f6d223b757365725f69647c733a313a2235223b6f6c645f6c6173745f6c6f67696e7c733a31303a2231363236383032333830223b6c6173745f636865636b7c693a313632363830333538363b736573696f6e5f6163746976617c623a313b6964646570617274616d656e746f7c733a313a2231223b646570617274616d656e746f7c733a363a224c612050617a223b65646963696f6e5f6163746976617c623a303b65735f6e756576615f6e6f74696369617c623a303b65735f6e756576615f6e6f7469636961317c623a303b6e7565766f5f666f726d7c693a303b6e6f74696369615f6e756576617c613a303a7b7d6e6f74696369615f6e75657661317c613a303a7b7d6e6f74696369615f6564697461626c657c693a31303b),
('c60ee234bb86f84d850e0f1de610ebdac02e2b4c', '127.0.0.1', '0000-00-00 00:00:00', 0x5f5f63695f6c6173745f726567656e65726174657c693a313632363830383432393b6964656e746974797c733a31323a2261646d2d77696c667265646f223b757365726e616d657c733a31323a2261646d2d77696c667265646f223b656d61696c7c733a31333a2257696c6c4077696c6c2e636f6d223b757365725f69647c733a323a223532223b6f6c645f6c6173745f6c6f67696e7c733a31303a2231363236383035383635223b6c6173745f636865636b7c693a313632363830383432393b),
('c6d272c13fea2fbee24b5e0b853ac6e4c3418c29', '127.0.0.1', '0000-00-00 00:00:00', 0x5f5f63695f6c6173745f726567656e65726174657c693a313632363738303231323b6964656e746974797c733a31313a226d6f6e2d616c667265646f223b757365726e616d657c733a31313a226d6f6e2d616c667265646f223b656d61696c7c733a31373a22616c667265646f40676d61696c2e636f6d223b757365725f69647c733a313a2235223b6f6c645f6c6173745f6c6f67696e7c733a31303a2231363236373537333032223b6c6173745f636865636b7c693a313632363737353534333b736573696f6e5f6163746976617c623a313b6964646570617274616d656e746f7c733a313a2231223b646570617274616d656e746f7c733a363a224c612050617a223b65646963696f6e5f6163746976617c623a303b65735f6e756576615f6e6f74696369617c623a313b6e6f74696369615f6e756576617c4f3a383a22737464436c617373223a31383a7b733a393a2269646e6f7469636961223b733a303a22223b733a31343a2266656368615f726567697374726f223b733a303a22223b733a31333a2266656368615f6e6f7469636961223b693a313632363733323030303b733a373a22746974756c6172223b733a373a22546974756c6172223b733a373a22726573756d656e223b733a31353a225061727261666f20726573756d656e223b733a31313a2275726c5f6e6f7469636961223b733a353a226874747470223b733a31313a2272656c5f69646d6564696f223b733a323a223338223b733a31383a2272656c5f69646375657374696f6e6172696f223b733a313a2231223b733a31333a2272656c5f69647573756172696f223b733a313a2235223b733a31343a226964646570617274616d656e746f223b733a303a22223b733a373a226163746f726573223b613a333a7b693a303b733a313a2231223b693a313b733a313a2235223b693a323b733a323a223130223b7d733a353a2274656d6173223b613a343a7b693a303b733a313a2231223b693a313b733a313a2234223b693a323b733a313a2237223b693a333b733a313a2230223b7d733a383a2273756274656d6173223b613a303a7b7d733a353a226d6564696f223b613a323a7b733a323a226964223b733a323a223338223b733a363a226e6f6d627265223b733a31323a2250414e414d45524943414e41223b7d733a31303a227469706f5f6d6564696f223b613a323a7b733a323a226964223b733a313a2233223b733a363a226e6f6d627265223b733a31343a22456d69736f72612072616469616c223b7d733a31353a2265735f736567756e646f5f7061736f223b623a313b733a31313a2265735f707265656e76696f223b623a303b733a393a226f74726f5f74656d61223b733a383a224f54524f20524553223b7d6e6f74696369615f6564697461626c657c693a31303b),
('c8395358ece07c93e37c408ead4565adcc59f493', '127.0.0.1', '0000-00-00 00:00:00', 0x5f5f63695f6c6173745f726567656e65726174657c693a313632363731393434383b6964656e746974797c733a31313a226d6f6e2d616c667265646f223b757365726e616d657c733a31313a226d6f6e2d616c667265646f223b656d61696c7c733a31373a22616c667265646f40676d61696c2e636f6d223b757365725f69647c733a313a2235223b6f6c645f6c6173745f6c6f67696e7c733a31303a2231363236373137383438223b6c6173745f636865636b7c693a313632363731393434383b),
('ce9864a59116a7e707fe51b75758daf07bd2e2e2', '127.0.0.1', '0000-00-00 00:00:00', 0x5f5f63695f6c6173745f726567656e65726174657c693a313632363732303039383b6964656e746974797c733a31313a226d6f6e2d616c667265646f223b757365726e616d657c733a31313a226d6f6e2d616c667265646f223b656d61696c7c733a31373a22616c667265646f40676d61696c2e636f6d223b757365725f69647c733a313a2235223b6f6c645f6c6173745f6c6f67696e7c733a31303a2231363236373137383438223b6c6173745f636865636b7c693a313632363731393434383b736573696f6e5f6163746976617c623a313b6964646570617274616d656e746f7c733a313a2231223b646570617274616d656e746f7c733a363a224c612050617a223b65646963696f6e5f6163746976617c623a303b65735f6e756576615f6e6f74696369617c623a313b6e6f74696369615f6e756576617c4f3a383a22737464436c617373223a31353a7b733a393a2269646e6f7469636961223b733a303a22223b733a31343a2266656368615f726567697374726f223b733a303a22223b733a31333a2266656368615f6e6f7469636961223b733a303a22223b733a373a22746974756c6172223b733a303a22223b733a373a22726573756d656e223b733a303a22223b733a31313a2275726c5f6e6f7469636961223b733a303a22223b733a31313a2272656c5f69646d6564696f223b733a303a22223b733a31383a2272656c5f69646375657374696f6e6172696f223b733a303a22223b733a31333a2272656c5f69647573756172696f223b733a303a22223b733a31343a226964646570617274616d656e746f223b733a303a22223b733a373a226163746f726573223b613a303a7b7d733a353a2274656d6173223b613a303a7b7d733a383a2273756274656d6173223b613a303a7b7d733a353a226d6564696f223b613a303a7b7d733a31303a227469706f5f6d6564696f223b613a303a7b7d7d6e6f74696369615f6564697461626c657c693a31303b),
('d201855cdd38d51c2128f1e60f7cd2606f91618c', '127.0.0.1', '0000-00-00 00:00:00', 0x5f5f63695f6c6173745f726567656e65726174657c693a313632363731383230343b6964656e746974797c733a31313a226d6f6e2d616c667265646f223b757365726e616d657c733a31313a226d6f6e2d616c667265646f223b656d61696c7c733a31373a22616c667265646f40676d61696c2e636f6d223b757365725f69647c733a313a2235223b6f6c645f6c6173745f6c6f67696e7c733a31303a2231363236373137343638223b6c6173745f636865636b7c693a313632363731373834383b736573696f6e5f6163746976617c623a313b6964646570617274616d656e746f7c733a313a2231223b646570617274616d656e746f7c733a363a224c612050617a223b65646963696f6e5f6163746976617c623a303b65735f6e756576615f6e6f74696369617c623a313b6e6f74696369615f6e756576617c4f3a383a22737464436c617373223a31353a7b733a393a2269646e6f7469636961223b733a303a22223b733a31343a2266656368615f726567697374726f223b733a303a22223b733a31333a2266656368615f6e6f7469636961223b733a303a22223b733a373a22746974756c6172223b733a303a22223b733a373a22726573756d656e223b733a303a22223b733a31313a2275726c5f6e6f7469636961223b733a303a22223b733a31313a2272656c5f69646d6564696f223b733a303a22223b733a31383a2272656c5f69646375657374696f6e6172696f223b733a303a22223b733a31333a2272656c5f69647573756172696f223b733a303a22223b733a31343a226964646570617274616d656e746f223b733a303a22223b733a373a226163746f726573223b613a303a7b7d733a353a2274656d6173223b613a303a7b7d733a383a2273756274656d6173223b613a303a7b7d733a353a226d6564696f223b613a303a7b7d733a31303a227469706f5f6d6564696f223b613a303a7b7d7d6e6f74696369615f6564697461626c657c693a31303b),
('d37809be29ac78d27d28b3a4e63339e4740c1214', '127.0.0.1', '0000-00-00 00:00:00', 0x5f5f63695f6c6173745f726567656e65726174657c693a313632363737393239343b6964656e746974797c733a31313a226d6f6e2d616c667265646f223b757365726e616d657c733a31313a226d6f6e2d616c667265646f223b656d61696c7c733a31373a22616c667265646f40676d61696c2e636f6d223b757365725f69647c733a313a2235223b6f6c645f6c6173745f6c6f67696e7c733a31303a2231363236373537333032223b6c6173745f636865636b7c693a313632363737353534333b736573696f6e5f6163746976617c623a313b6964646570617274616d656e746f7c733a313a2231223b646570617274616d656e746f7c733a363a224c612050617a223b65646963696f6e5f6163746976617c623a303b65735f6e756576615f6e6f74696369617c623a313b6e6f74696369615f6e756576617c4f3a383a22737464436c617373223a31383a7b733a393a2269646e6f7469636961223b733a303a22223b733a31343a2266656368615f726567697374726f223b733a303a22223b733a31333a2266656368615f6e6f7469636961223b693a313632363733323030303b733a373a22746974756c6172223b733a373a22546974756c6172223b733a373a22726573756d656e223b733a31353a225061727261666f20726573756d656e223b733a31313a2275726c5f6e6f7469636961223b733a353a226874747470223b733a31313a2272656c5f69646d6564696f223b733a323a223338223b733a31383a2272656c5f69646375657374696f6e6172696f223b733a313a2231223b733a31333a2272656c5f69647573756172696f223b733a313a2235223b733a31343a226964646570617274616d656e746f223b733a303a22223b733a373a226163746f726573223b613a333a7b693a303b733a313a2231223b693a313b733a313a2235223b693a323b733a323a223130223b7d733a353a2274656d6173223b613a343a7b693a303b733a313a2231223b693a313b733a313a2234223b693a323b733a313a2237223b693a333b733a313a2230223b7d733a383a2273756274656d6173223b613a303a7b7d733a353a226d6564696f223b613a323a7b733a323a226964223b733a323a223338223b733a363a226e6f6d627265223b733a31323a2250414e414d45524943414e41223b7d733a31303a227469706f5f6d6564696f223b613a323a7b733a323a226964223b733a313a2233223b733a363a226e6f6d627265223b733a31343a22456d69736f72612072616469616c223b7d733a31353a2265735f736567756e646f5f7061736f223b623a313b733a31313a2265735f707265656e76696f223b623a303b733a393a226f74726f5f74656d61223b733a383a224f54524f20524553223b7d6e6f74696369615f6564697461626c657c693a31303b),
('d38be9eb3995c835bb29d28224573f171036538a', '127.0.0.1', '0000-00-00 00:00:00', 0x5f5f63695f6c6173745f726567656e65726174657c693a313632363739353239363b6964656e746974797c733a31313a226d6f6e2d616c667265646f223b757365726e616d657c733a31313a226d6f6e2d616c667265646f223b656d61696c7c733a31373a22616c667265646f40676d61696c2e636f6d223b757365725f69647c733a313a2235223b6f6c645f6c6173745f6c6f67696e7c733a31303a2231363236373838353336223b6c6173745f636865636b7c693a313632363739303436313b736573696f6e5f6163746976617c623a313b6964646570617274616d656e746f7c733a313a2231223b646570617274616d656e746f7c733a363a224c612050617a223b65646963696f6e5f6163746976617c623a303b65735f6e756576615f6e6f74696369617c623a303b6e6f74696369615f6e756576617c613a303a7b7d6e6f74696369615f6564697461626c657c693a31303b6e6f74696369615f696e736572747c613a303a7b7d6e7565766f5f63317c623a303b7265666f726d617c613a303a7b7d6e7565766f5f63327c623a303b696e73747c613a303a7b7d),
('d91a4a7fa766f48d224326cdb89467cce04ff6c9', '127.0.0.1', '0000-00-00 00:00:00', 0x5f5f63695f6c6173745f726567656e65726174657c693a313632363830363232353b6964656e746974797c733a31323a2261646d2d77696c667265646f223b757365726e616d657c733a31323a2261646d2d77696c667265646f223b656d61696c7c733a31333a2257696c6c4077696c6c2e636f6d223b757365725f69647c733a323a223532223b6f6c645f6c6173745f6c6f67696e7c733a31303a2231363236383035343734223b6c6173745f636865636b7c693a313632363830353836353b736573696f6e5f6163746976617c623a313b6964646570617274616d656e746f7c733a313a2231223b646570617274616d656e746f7c733a363a224c612050617a223b65646963696f6e5f6163746976617c623a303b65735f6e756576615f6e6f74696369617c623a303b65735f6e756576615f6e6f7469636961317c623a303b6e7565766f5f666f726d7c693a303b6e6f74696369615f6e756576617c613a303a7b7d6e6f74696369615f6e75657661317c613a303a7b7d6e6f74696369615f6564697461626c657c693a31303b),
('d9232eb8dc99fa181252bd3a3dfaf173a6b5a41c', '127.0.0.1', '0000-00-00 00:00:00', 0x5f5f63695f6c6173745f726567656e65726174657c693a313632363739363035353b6964656e746974797c733a31313a226d6f6e2d616c667265646f223b757365726e616d657c733a31313a226d6f6e2d616c667265646f223b656d61696c7c733a31373a22616c667265646f40676d61696c2e636f6d223b757365725f69647c733a313a2235223b6f6c645f6c6173745f6c6f67696e7c733a31303a2231363236373935353536223b6c6173745f636865636b7c693a313632363739363035353b),
('d9b4f3b9c9a70831b7dae72f73f59a0b2145951d', '127.0.0.1', '0000-00-00 00:00:00', 0x5f5f63695f6c6173745f726567656e65726174657c693a313632363732363338363b6964656e746974797c733a31313a226d6f6e2d616c667265646f223b757365726e616d657c733a31313a226d6f6e2d616c667265646f223b656d61696c7c733a31373a22616c667265646f40676d61696c2e636f6d223b757365725f69647c733a313a2235223b6f6c645f6c6173745f6c6f67696e7c733a31303a2231363236373139343438223b6c6173745f636865636b7c693a313632363732363338363b),
('dc58958a3532811900165c68bcc04ea5e5350bd4', '127.0.0.1', '0000-00-00 00:00:00', 0x5f5f63695f6c6173745f726567656e65726174657c693a313632363830353834353b6964656e746974797c733a31313a226d6f6e2d616c667265646f223b757365726e616d657c733a31313a226d6f6e2d616c667265646f223b656d61696c7c733a31373a22616c667265646f40676d61696c2e636f6d223b757365725f69647c733a313a2235223b6f6c645f6c6173745f6c6f67696e7c733a31303a2231363236383033353836223b6c6173745f636865636b7c693a313632363830353530333b736573696f6e5f6163746976617c623a313b6964646570617274616d656e746f7c733a313a2231223b646570617274616d656e746f7c733a363a224c612050617a223b65646963696f6e5f6163746976617c623a303b65735f6e756576615f6e6f74696369617c623a303b65735f6e756576615f6e6f7469636961317c623a303b6e7565766f5f666f726d7c693a303b6e6f74696369615f6e756576617c613a303a7b7d6e6f74696369615f6e75657661317c613a303a7b7d6e6f74696369615f6564697461626c657c693a31303b),
('dd6e3c0679c88bdcc8907d796e3165134d7b8c80', '127.0.0.1', '0000-00-00 00:00:00', 0x5f5f63695f6c6173745f726567656e65726174657c693a313632363732343336323b6964656e746974797c733a31313a226d6f6e2d616c667265646f223b757365726e616d657c733a31313a226d6f6e2d616c667265646f223b656d61696c7c733a31373a22616c667265646f40676d61696c2e636f6d223b757365725f69647c733a313a2235223b6f6c645f6c6173745f6c6f67696e7c733a31303a2231363236373137383438223b6c6173745f636865636b7c693a313632363731393434383b736573696f6e5f6163746976617c623a313b6964646570617274616d656e746f7c733a313a2231223b646570617274616d656e746f7c733a363a224c612050617a223b65646963696f6e5f6163746976617c623a303b65735f6e756576615f6e6f74696369617c623a313b6e6f74696369615f6e756576617c4f3a383a22737464436c617373223a31353a7b733a393a2269646e6f7469636961223b733a303a22223b733a31343a2266656368615f726567697374726f223b733a303a22223b733a31333a2266656368615f6e6f7469636961223b4e3b733a373a22746974756c6172223b4e3b733a373a22726573756d656e223b4e3b733a31313a2275726c5f6e6f7469636961223b4e3b733a31313a2272656c5f69646d6564696f223b4e3b733a31383a2272656c5f69646375657374696f6e6172696f223b4e3b733a31333a2272656c5f69647573756172696f223b4e3b733a31343a226964646570617274616d656e746f223b733a303a22223b733a373a226163746f726573223b4e3b733a353a2274656d6173223b4e3b733a383a2273756274656d6173223b613a303a7b7d733a353a226d6564696f223b613a323a7b733a323a226964223b4e3b733a363a226e6f6d627265223b4e3b7d733a31303a227469706f5f6d6564696f223b613a323a7b733a323a226964223b4e3b733a363a226e6f6d627265223b4e3b7d7d6e6f74696369615f6564697461626c657c693a31303b),
('e24f785e6b5f5693ea9dfda4015b25e19de8ed28', '127.0.0.1', '0000-00-00 00:00:00', 0x5f5f63695f6c6173745f726567656e65726174657c693a313632363735373937353b6964656e746974797c733a31313a226d6f6e2d616c667265646f223b757365726e616d657c733a31313a226d6f6e2d616c667265646f223b656d61696c7c733a31373a22616c667265646f40676d61696c2e636f6d223b757365725f69647c733a313a2235223b6f6c645f6c6173745f6c6f67696e7c733a31303a2231363236373237323330223b6c6173745f636865636b7c693a313632363735373330323b736573696f6e5f6163746976617c623a313b6964646570617274616d656e746f7c733a313a2231223b646570617274616d656e746f7c733a363a224c612050617a223b65646963696f6e5f6163746976617c623a303b65735f6e756576615f6e6f74696369617c623a313b6e6f74696369615f6e756576617c4f3a383a22737464436c617373223a31383a7b733a393a2269646e6f7469636961223b733a303a22223b733a31343a2266656368615f726567697374726f223b733a303a22223b733a31333a2266656368615f6e6f7469636961223b693a313632363231333630303b733a373a22746974756c6172223b733a373a22546974756c6172223b733a373a22726573756d656e223b733a31353a225061727261666f20726573756d656e223b733a31313a2275726c5f6e6f7469636961223b733a353a226874747470223b733a31313a2272656c5f69646d6564696f223b733a323a223338223b733a31383a2272656c5f69646375657374696f6e6172696f223b733a313a2231223b733a31333a2272656c5f69647573756172696f223b733a313a2235223b733a31343a226964646570617274616d656e746f223b733a303a22223b733a373a226163746f726573223b613a323a7b693a303b733a313a2231223b693a313b733a323a223130223b7d733a353a2274656d6173223b613a343a7b693a303b733a313a2231223b693a313b733a313a2235223b693a323b733a313a2239223b693a333b733a313a2230223b7d733a383a2273756274656d6173223b613a303a7b7d733a353a226d6564696f223b613a323a7b733a323a226964223b733a323a223338223b733a363a226e6f6d627265223b733a31323a2250414e414d45524943414e41223b7d733a31303a227469706f5f6d6564696f223b613a323a7b733a323a226964223b733a313a2233223b733a363a226e6f6d627265223b733a31343a22456d69736f72612072616469616c223b7d733a31353a2265735f736567756e646f5f7061736f223b623a313b733a31313a2265735f707265656e76696f223b623a303b733a393a226f74726f5f74656d61223b733a31373a2245737465206573206f74726f2074656d61223b7d6e6f74696369615f6564697461626c657c693a31303b),
('e383a767e1138cb11601a2799e064e1b58ed98d9', '127.0.0.1', '0000-00-00 00:00:00', 0x5f5f63695f6c6173745f726567656e65726174657c693a313632363739353335323b6964656e746974797c733a31313a226d6f6e2d616c667265646f223b757365726e616d657c733a31313a226d6f6e2d616c667265646f223b656d61696c7c733a31373a22616c667265646f40676d61696c2e636f6d223b757365725f69647c733a313a2235223b6f6c645f6c6173745f6c6f67696e7c733a31303a2231363236373930343631223b6c6173745f636865636b7c693a313632363739353335323b),
('e56be897f3378420d1f3259d074793ea11a65ed8', '127.0.0.1', '0000-00-00 00:00:00', 0x5f5f63695f6c6173745f726567656e65726174657c693a313632373034313533393b6964656e746974797c733a31313a226d6f6e2d616c667265646f223b757365726e616d657c733a31313a226d6f6e2d616c667265646f223b656d61696c7c733a31373a22616c667265646f40676d61696c2e636f6d223b757365725f69647c733a313a2235223b6f6c645f6c6173745f6c6f67696e7c733a31303a2231363237303131383730223b6c6173745f636865636b7c693a313632373034303038353b736573696f6e5f6163746976617c623a313b6964646570617274616d656e746f7c733a313a2231223b646570617274616d656e746f7c733a363a224c612050617a223b65646963696f6e5f6163746976617c623a303b65735f6e756576615f6e6f74696369617c623a303b65735f6e756576615f6e6f7469636961317c623a303b6e7565766f5f666f726d7c693a303b6e6f74696369615f6e756576617c613a303a7b7d6e6f74696369615f6e75657661317c613a303a7b7d6e6f74696369615f6564697461626c657c693a31303b),
('e65b37864399d5b29d334f3024eef5dc0dba1b0f', '127.0.0.1', '0000-00-00 00:00:00', 0x5f5f63695f6c6173745f726567656e65726174657c693a313632363739353837303b6964656e746974797c733a31313a226d6f6e2d616c667265646f223b757365726e616d657c733a31313a226d6f6e2d616c667265646f223b656d61696c7c733a31373a22616c667265646f40676d61696c2e636f6d223b757365725f69647c733a313a2235223b6f6c645f6c6173745f6c6f67696e7c733a31303a2231363236373935333532223b6c6173745f636865636b7c693a313632363739353535363b736573696f6e5f6163746976617c623a313b6964646570617274616d656e746f7c733a313a2231223b646570617274616d656e746f7c733a363a224c612050617a223b65646963696f6e5f6163746976617c623a303b65735f6e756576615f6e6f74696369617c623a313b6e7565766f5f666f726d7c693a313b6e6f74696369615f6e756576617c4f3a383a22737464436c617373223a31373a7b733a393a2269646e6f7469636961223b733a303a22223b733a31343a2266656368615f726567697374726f223b733a303a22223b733a31333a2266656368615f6e6f7469636961223b733a303a22223b733a373a22746974756c6172223b733a303a22223b733a373a22726573756d656e223b733a303a22223b733a31313a2275726c5f6e6f7469636961223b733a303a22223b733a31313a2272656c5f69646d6564696f223b733a303a22223b733a31383a2272656c5f69646375657374696f6e6172696f223b733a303a22223b733a31333a2272656c5f69647573756172696f223b733a303a22223b733a31343a226964646570617274616d656e746f223b733a303a22223b733a373a226163746f726573223b613a303a7b7d733a353a2274656d6173223b613a303a7b7d733a383a2273756274656d6173223b613a303a7b7d733a353a226d6564696f223b613a303a7b7d733a31303a227469706f5f6d6564696f223b613a303a7b7d733a31353a2265735f736567756e646f5f7061736f223b623a303b733a31313a2265735f707265656e76696f223b623a303b7d6e6f74696369615f6564697461626c657c693a31303b),
('e68a01f43752949fa020b79f1bc185e3fc24adfb', '127.0.0.1', '0000-00-00 00:00:00', 0x5f5f63695f6c6173745f726567656e65726174657c693a313632363738383530343b6964656e746974797c733a31313a226d6f6e2d616c667265646f223b757365726e616d657c733a31313a226d6f6e2d616c667265646f223b656d61696c7c733a31373a22616c667265646f40676d61696c2e636f6d223b757365725f69647c733a313a2235223b6f6c645f6c6173745f6c6f67696e7c733a31303a2231363236373735353433223b6c6173745f636865636b7c693a313632363738363836393b736573696f6e5f6163746976617c623a313b6964646570617274616d656e746f7c733a313a2231223b646570617274616d656e746f7c733a363a224c612050617a223b65646963696f6e5f6163746976617c623a303b65735f6e756576615f6e6f74696369617c623a313b6e6f74696369615f6e756576617c4f3a383a22737464436c617373223a31393a7b733a393a2269646e6f7469636961223b733a303a22223b733a31343a2266656368615f726567697374726f223b693a313632363738383139363b733a31333a2266656368615f6e6f7469636961223b693a313632353039303430303b733a373a22746974756c6172223b733a373a22546974756c6172223b733a373a22726573756d656e223b733a31353a225061727261666f20726573756d656e223b733a31313a2275726c5f6e6f7469636961223b733a353a226874747470223b733a31313a2272656c5f69646d6564696f223b733a323a223233223b733a31383a2272656c5f69646375657374696f6e6172696f223b733a313a2231223b733a31333a2272656c5f69647573756172696f223b733a313a2235223b733a31343a226964646570617274616d656e746f223b733a303a22223b733a373a226163746f726573223b613a333a7b693a303b733a313a2231223b693a313b733a313a2235223b693a323b733a323a223130223b7d733a353a2274656d6173223b613a333a7b693a303b733a313a2231223b693a313b733a313a2236223b693a323b733a313a2230223b7d733a383a2273756274656d6173223b613a323a7b693a313b613a323a7b693a303b733a313a2231223b693a313b733a313a2230223b7d693a363b613a323a7b693a303b733a323a223232223b693a313b733a313a2230223b7d7d733a353a226d6564696f223b613a323a7b733a323a226964223b733a323a223233223b733a363a226e6f6d627265223b733a333a22415442223b7d733a31303a227469706f5f6d6564696f223b613a323a7b733a323a226964223b733a313a2232223b733a363a226e6f6d627265223b733a32303a2243616e616c2064652054656c6576697369c3b36e223b7d733a31353a2265735f736567756e646f5f7061736f223b623a313b733a31313a2265735f707265656e76696f223b623a313b733a393a226f74726f5f74656d61223b733a32373a224f74726f2074656d61207265666f726d6120656c6563746f72616c223b733a31343a226f74726f735f73756274656d6173223b613a323a7b693a313b733a343a2261616161223b693a363b733a343a2262626262223b7d7d6e6f74696369615f6564697461626c657c693a31303b6e6f74696369615f696e736572747c613a303a7b7d6e7565766f5f63317c623a303b7265666f726d617c613a303a7b7d6e7565766f5f63327c623a303b696e73747c613a303a7b7d),
('e7081dbe2469ce22f45f4aaf95655db50f235224', '127.0.0.1', '0000-00-00 00:00:00', 0x5f5f63695f6c6173745f726567656e65726174657c693a313632363732323637353b6964656e746974797c733a31313a226d6f6e2d616c667265646f223b757365726e616d657c733a31313a226d6f6e2d616c667265646f223b656d61696c7c733a31373a22616c667265646f40676d61696c2e636f6d223b757365725f69647c733a313a2235223b6f6c645f6c6173745f6c6f67696e7c733a31303a2231363236373137383438223b6c6173745f636865636b7c693a313632363731393434383b736573696f6e5f6163746976617c623a313b6964646570617274616d656e746f7c733a313a2231223b646570617274616d656e746f7c733a363a224c612050617a223b65646963696f6e5f6163746976617c623a303b65735f6e756576615f6e6f74696369617c623a313b6e6f74696369615f6e756576617c4f3a383a22737464436c617373223a31353a7b733a393a2269646e6f7469636961223b733a303a22223b733a31343a2266656368615f726567697374726f223b733a303a22223b733a31333a2266656368615f6e6f7469636961223b733a303a22223b733a373a22746974756c6172223b733a303a22223b733a373a22726573756d656e223b733a303a22223b733a31313a2275726c5f6e6f7469636961223b733a303a22223b733a31313a2272656c5f69646d6564696f223b733a303a22223b733a31383a2272656c5f69646375657374696f6e6172696f223b733a303a22223b733a31333a2272656c5f69647573756172696f223b733a303a22223b733a31343a226964646570617274616d656e746f223b733a303a22223b733a373a226163746f726573223b613a303a7b7d733a353a2274656d6173223b613a303a7b7d733a383a2273756274656d6173223b613a303a7b7d733a353a226d6564696f223b613a303a7b7d733a31303a227469706f5f6d6564696f223b613a303a7b7d7d6e6f74696369615f6564697461626c657c693a31303b),
('ee3a4747d1e6f052122ee576c4fb2b1f769537ec', '127.0.0.1', '0000-00-00 00:00:00', 0x5f5f63695f6c6173745f726567656e65726174657c693a313632363732373233303b6964656e746974797c733a31313a226d6f6e2d616c667265646f223b757365726e616d657c733a31313a226d6f6e2d616c667265646f223b656d61696c7c733a31373a22616c667265646f40676d61696c2e636f6d223b757365725f69647c733a313a2235223b6f6c645f6c6173745f6c6f67696e7c733a31303a2231363236373237313134223b6c6173745f636865636b7c693a313632363732373233303b),
('ee5151bae13c98493e478d34f598a933ca08d804', '127.0.0.1', '0000-00-00 00:00:00', 0x5f5f63695f6c6173745f726567656e65726174657c693a313632363830373134363b6964656e746974797c733a31323a2261646d2d77696c667265646f223b757365726e616d657c733a31323a2261646d2d77696c667265646f223b656d61696c7c733a31333a2257696c6c4077696c6c2e636f6d223b757365725f69647c733a323a223532223b6f6c645f6c6173745f6c6f67696e7c733a31303a2231363236383035343734223b6c6173745f636865636b7c693a313632363830353836353b736573696f6e5f6163746976617c623a313b6964646570617274616d656e746f7c733a313a2231223b646570617274616d656e746f7c733a363a224c612050617a223b65646963696f6e5f6163746976617c623a303b65735f6e756576615f6e6f74696369617c623a303b65735f6e756576615f6e6f7469636961317c623a303b6e7565766f5f666f726d7c693a303b6e6f74696369615f6e756576617c613a303a7b7d6e6f74696369615f6e75657661317c613a303a7b7d6e6f74696369615f6564697461626c657c693a31303b),
('f3d681dca388dbba9dc162cb49d934a0e42070b4', '127.0.0.1', '0000-00-00 00:00:00', 0x5f5f63695f6c6173745f726567656e65726174657c693a313632363831333038323b6964656e746974797c733a31323a2261646d2d77696c667265646f223b757365726e616d657c733a31323a2261646d2d77696c667265646f223b656d61696c7c733a31333a2257696c6c4077696c6c2e636f6d223b757365725f69647c733a323a223532223b6f6c645f6c6173745f6c6f67696e7c733a31303a2231363236383038343239223b6c6173745f636865636b7c693a313632363831323433383b736573696f6e5f6163746976617c623a313b6964646570617274616d656e746f7c733a313a2231223b646570617274616d656e746f7c733a363a224c612050617a223b65646963696f6e5f6163746976617c623a303b65735f6e756576615f6e6f74696369617c623a303b65735f6e756576615f6e6f7469636961317c623a303b6e7565766f5f666f726d7c693a303b6e6f74696369615f6e756576617c613a303a7b7d6e6f74696369615f6e75657661317c613a303a7b7d6e6f74696369615f6564697461626c657c693a31303b),
('f78be99987a1f643c1bdb7aa11c8fb3c37821376', '127.0.0.1', '0000-00-00 00:00:00', 0x5f5f63695f6c6173745f726567656e65726174657c693a313632363739383933323b6964656e746974797c733a31313a226d6f6e2d616c667265646f223b757365726e616d657c733a31313a226d6f6e2d616c667265646f223b656d61696c7c733a31373a22616c667265646f40676d61696c2e636f6d223b757365725f69647c733a313a2235223b6f6c645f6c6173745f6c6f67696e7c733a31303a2231363236373936363339223b6c6173745f636865636b7c693a313632363739363833313b736573696f6e5f6163746976617c623a313b6964646570617274616d656e746f7c733a313a2231223b646570617274616d656e746f7c733a363a224c612050617a223b65646963696f6e5f6163746976617c623a303b65735f6e756576615f6e6f74696369617c623a313b65735f6e756576615f6e6f7469636961317c623a303b6e7565766f5f666f726d7c693a303b6e6f74696369615f6e756576617c613a303a7b7d6e6f74696369615f6e75657661317c4f3a383a22737464436c617373223a31373a7b733a393a2269646e6f7469636961223b733a303a22223b733a31343a2266656368615f726567697374726f223b733a303a22223b733a31333a2266656368615f6e6f7469636961223b733a303a22223b733a373a22746974756c6172223b733a303a22223b733a373a22726573756d656e223b733a303a22223b733a31313a2275726c5f6e6f7469636961223b733a303a22223b733a31313a2272656c5f69646d6564696f223b733a303a22223b733a31383a2272656c5f69646375657374696f6e6172696f223b733a303a22223b733a31333a2272656c5f69647573756172696f223b733a303a22223b733a31343a226964646570617274616d656e746f223b733a303a22223b733a373a226163746f726573223b613a303a7b7d733a353a2274656d6173223b613a303a7b7d733a383a2273756274656d6173223b613a303a7b7d733a353a226d6564696f223b613a303a7b7d733a31303a227469706f5f6d6564696f223b613a303a7b7d733a31353a2265735f736567756e646f5f7061736f223b623a303b733a31313a2265735f707265656e76696f223b623a303b7d6e6f74696369615f6564697461626c657c693a31303b7265666f726d617c4f3a383a22737464436c617373223a31333a7b733a31343a2266656368615f726567697374726f223b693a313632363739383234373b733a31333a2266656368615f6e6f7469636961223b693a313632353630383830303b733a373a22746974756c6172223b733a373a22546974756c6172223b733a373a22726573756d656e223b733a31353a225061727261666f20726573756d656e223b733a31313a2275726c5f6e6f7469636961223b733a353a226874747470223b733a31333a2272656c5f69647573756172696f223b733a313a2235223b733a31323a226964666f726d756c6172696f223b733a313a2232223b733a31313a2272656c5f69646d6564696f223b733a323a223233223b733a373a226163746f726573223b4e3b733a353a2274656d6173223b4e3b733a393a226f74726f5f74656d61223b4e3b733a383a2273756274656d6173223b613a303a7b7d733a31343a226f74726f735f73756274656d6173223b613a303a7b7d7d6e6f74696369615f696e736572747c723a33353b),
('fed73860d46da42f390e75e5de816d689777bc0e', '127.0.0.1', '0000-00-00 00:00:00', 0x5f5f63695f6c6173745f726567656e65726174657c693a313632363830313533393b6964656e746974797c733a31313a226d6f6e2d616c667265646f223b757365726e616d657c733a31313a226d6f6e2d616c667265646f223b656d61696c7c733a31373a22616c667265646f40676d61696c2e636f6d223b757365725f69647c733a313a2235223b6f6c645f6c6173745f6c6f67696e7c733a31303a2231363236373936383331223b6c6173745f636865636b7c693a313632363830303131363b736573696f6e5f6163746976617c623a313b6964646570617274616d656e746f7c733a313a2231223b646570617274616d656e746f7c733a363a224c612050617a223b65646963696f6e5f6163746976617c623a303b65735f6e756576615f6e6f74696369617c623a303b65735f6e756576615f6e6f7469636961317c623a313b6e7565766f5f666f726d7c693a303b6e6f74696369615f6e756576617c4f3a383a22737464436c617373223a31383a7b733a393a2269646e6f7469636961223b733a303a22223b733a31343a2266656368615f726567697374726f223b733a303a22223b733a31333a2266656368615f6e6f7469636961223b693a313632363831383430303b733a373a22746974756c6172223b733a373a22546974756c6172223b733a373a22726573756d656e223b733a31353a225061727261666f20726573756d656e223b733a31313a2275726c5f6e6f7469636961223b733a353a226874747470223b733a31313a2272656c5f69646d6564696f223b733a323a223134223b733a31383a2272656c5f69646375657374696f6e6172696f223b733a313a2232223b733a31333a2272656c5f69647573756172696f223b733a313a2235223b733a31343a226964646570617274616d656e746f223b733a303a22223b733a373a226163746f726573223b613a333a7b693a303b733a313a2231223b693a313b733a313a2236223b693a323b733a323a223130223b7d733a353a2274656d6173223b613a333a7b693a303b733a323a223131223b693a313b733a323a223134223b693a323b733a313a2230223b7d733a383a2273756274656d6173223b613a303a7b7d733a353a226d6564696f223b613a323a7b733a323a226964223b733a323a223134223b733a363a226e6f6d627265223b733a393a22504147494e41203720223b7d733a31303a227469706f5f6d6564696f223b613a323a7b733a323a226964223b733a313a2234223b733a363a226e6f6d627265223b733a31343a225072656e73612045736372697461223b7d733a31353a2265735f736567756e646f5f7061736f223b623a313b733a31313a2265735f707265656e76696f223b623a303b733a393a226f74726f5f74656d61223b4e3b7d6e6f74696369615f6e75657661317c723a31353b6e6f74696369615f6564697461626c657c693a31303b);

-- --------------------------------------------------------

--
-- Estructura de tabla para la tabla `cuestionario`
--

CREATE TABLE `cuestionario` (
  `idcuestionario` smallint(2) UNSIGNED NOT NULL,
  `nombre_cuestionario` varchar(50) NOT NULL
) ENGINE=InnoDB DEFAULT CHARSET=utf8mb4;

--
-- Volcado de datos para la tabla `cuestionario`
--

INSERT INTO `cuestionario` (`idcuestionario`, `nombre_cuestionario`) VALUES
(1, 'Reforma Electoral'),
(2, 'Institucionalidad Democratica'),
(3, 'Censo');

-- --------------------------------------------------------

--
-- Estructura de tabla para la tabla `departamento`
--

CREATE TABLE `departamento` (
  `iddepartamento` smallint(3) UNSIGNED NOT NULL,
  `nombre_departamento` varchar(25) NOT NULL
) ENGINE=InnoDB DEFAULT CHARSET=utf8mb4;

--
-- Volcado de datos para la tabla `departamento`
--

INSERT INTO `departamento` (`iddepartamento`, `nombre_departamento`) VALUES
(1, 'La Paz'),
(2, 'Santa Cruz'),
(3, 'Oruro'),
(4, 'Cochabamba'),
(5, 'Chuquisaca'),
(6, 'Tarija'),
(7, 'Beni'),
(8, 'Pando'),
(9, 'Potosi');

-- --------------------------------------------------------

--
-- Estructura de tabla para la tabla `groups`
--

CREATE TABLE `groups` (
  `id` mediumint(8) UNSIGNED NOT NULL,
  `name` varchar(20) NOT NULL,
  `description` varchar(100) NOT NULL
) ENGINE=InnoDB DEFAULT CHARSET=utf8;

--
-- Volcado de datos para la tabla `groups`
--

INSERT INTO `groups` (`id`, `name`, `description`) VALUES
(1, 'admin', 'Administrator'),
(2, 'docentes', 'Usuarios generales, docentes'),
(3, 'monitores', 'Alumnos registrados');

-- --------------------------------------------------------

--
-- Estructura de tabla para la tabla `login_attempts`
--

CREATE TABLE `login_attempts` (
  `id` int(11) UNSIGNED NOT NULL,
  `ip_address` varchar(45) NOT NULL,
  `login` varchar(100) NOT NULL,
  `time` int(11) UNSIGNED DEFAULT NULL
) ENGINE=InnoDB DEFAULT CHARSET=utf8;

-- --------------------------------------------------------

--
-- Estructura de tabla para la tabla `medio_comunicacion`
--

CREATE TABLE `medio_comunicacion` (
  `idmedio` smallint(5) UNSIGNED NOT NULL,
  `nombre_medio` varchar(50) NOT NULL,
  `rel_idtipomedio` smallint(3) UNSIGNED NOT NULL
) ENGINE=InnoDB DEFAULT CHARSET=utf8mb4;

--
-- Volcado de datos para la tabla `medio_comunicacion`
--

INSERT INTO `medio_comunicacion` (`idmedio`, `nombre_medio`, `rel_idtipomedio`) VALUES
(10, 'LA PALABRA DEL BENI', 4),
(11, 'CORREO DEL SUR', 4),
(12, 'LOS TIEMPOS', 4),
(13, 'OPINIÓN', 4),
(14, 'PAGINA 7 ', 4),
(15, 'LA PATRIA ', 4),
(16, 'EL POTOSÍ', 4),
(17, 'EL DEBER ', 4),
(18, 'EL PAÍS', 4),
(19, 'BTV', 2),
(20, 'TVU', 2),
(21, 'UNITEL', 2),
(22, 'BOLIVISIÓN', 2),
(23, 'ATB', 2),
(24, 'RED UNO', 2),
(25, 'CEACOM 51', 2),
(26, 'CANAL UNIVERSITARIO', 2),
(27, 'SISTEMA PANDINO DE COMUNICACIÓN', 2),
(28, 'TELEVISIÓN UNVERSITARIA ', 2),
(29, 'UNITEL COBIJA', 2),
(30, 'SITEL', 2),
(31, 'REITEL TV', 5),
(32, 'BTV – RURAL', 5),
(33, 'COTEVI TV', 5),
(34, 'PLUS TLT', 5),
(35, 'FIDES', 3),
(36, 'GLOBAL', 3),
(37, 'KANCHA PARLASPA', 3),
(38, 'PANAMERICANA', 3),
(39, 'UNIVERSITARIA', 3),
(40, 'OASIS', 3),
(41, 'PERLA DEL ACRE', 3),
(42, 'KOLLASUYO', 3),
(43, 'RADIO SC', 3),
(44, 'SAN MIGUEL', 6),
(45, 'ACLO', 6),
(46, 'SOBERANÍA', 6),
(47, 'ILLIMANI', 6),
(48, 'PIO XII', 6),
(49, 'FRONTERA', 6),
(50, 'FIDES – RURAL', 6),
(51, 'TURBO', 6),
(52, 'ACLO TARIJA', 6);

-- --------------------------------------------------------

--
-- Estructura de tabla para la tabla `medio_departamento`
--

CREATE TABLE `medio_departamento` (
  `idmediodepartamento` int(11) UNSIGNED NOT NULL,
  `rel_idmedio` smallint(5) UNSIGNED NOT NULL,
  `rel_iddepartamento` smallint(3) UNSIGNED NOT NULL
) ENGINE=InnoDB DEFAULT CHARSET=utf8mb4;

--
-- Volcado de datos para la tabla `medio_departamento`
--

INSERT INTO `medio_departamento` (`idmediodepartamento`, `rel_idmedio`, `rel_iddepartamento`) VALUES
(1, 10, 7),
(2, 19, 7),
(3, 31, 7),
(4, 35, 7),
(5, 44, 7),
(6, 11, 5),
(7, 20, 5),
(8, 32, 5),
(9, 36, 5),
(10, 45, 5),
(21, 12, 4),
(22, 13, 4),
(23, 21, 4),
(24, 22, 4),
(25, 32, 4),
(26, 37, 4),
(27, 35, 4),
(28, 46, 4),
(29, 47, 4),
(30, 14, 1),
(31, 23, 1),
(32, 24, 1),
(33, 32, 1),
(34, 38, 1),
(35, 47, 1),
(36, 15, 3),
(37, 25, 3),
(38, 26, 3),
(39, 32, 3),
(40, 39, 3),
(41, 48, 3),
(42, 27, 8),
(43, 28, 8),
(44, 29, 8),
(45, 32, 8),
(46, 40, 8),
(47, 41, 8),
(48, 49, 8),
(49, 16, 9),
(50, 30, 9),
(51, 33, 9),
(52, 42, 9),
(53, 35, 9),
(54, 17, 2),
(55, 21, 2),
(56, 24, 2),
(57, 32, 2),
(58, 43, 2),
(59, 51, 2),
(60, 18, 6),
(61, 21, 6),
(62, 34, 6),
(63, 35, 6),
(64, 52, 6);

-- --------------------------------------------------------

--
-- Estructura de tabla para la tabla `noticia`
--

CREATE TABLE `noticia` (
  `idnoticia` int(11) UNSIGNED NOT NULL,
  `fecha_registro` int(11) NOT NULL,
  `fecha_noticia` int(11) NOT NULL,
  `titular` varchar(200) NOT NULL,
  `resumen` text NOT NULL,
  `url_noticia` varchar(150) DEFAULT NULL,
  `rel_idmedio` smallint(5) UNSIGNED NOT NULL,
  `rel_idcuestionario` smallint(2) UNSIGNED NOT NULL,
  `rel_idusuario` int(11) UNSIGNED NOT NULL
) ENGINE=InnoDB DEFAULT CHARSET=utf8mb4;

--
-- Volcado de datos para la tabla `noticia`
--

INSERT INTO `noticia` (`idnoticia`, `fecha_registro`, `fecha_noticia`, `titular`, `resumen`, `url_noticia`, `rel_idmedio`, `rel_idcuestionario`, `rel_idusuario`) VALUES
(2, 1626788432, 1625090400, 'Titular', 'Parrafo resumen', 'htttp', 23, 1, 5),
(3, 1626788594, 1626732000, 'Titular', 'Parrafo resumen', 'htttp', 24, 1, 5),
(4, 1626789055, 1625004000, 'Titular', 'Parrafo resumen', 'htttp', 23, 1, 5),
(5, 1626790519, 1624831200, 'Titular', 'Parrafo resumen', 'htttp', 24, 1, 5),
(6, 1626794756, 1626732000, 'Titular', 'Parrafo resumen', 'htttp', 24, 1, 5),
(8, 1626802217, 1626732000, 'Titular', 'Parrafo resumen', 'htttp', 47, 2, 5),
(9, 1626802443, 1625522400, 'Titular', 'Parrafo resumen', 'htttp', 14, 2, 5),
(10, 1627041781, 1627077600, 'Titular de la noticia', 'Resumen del titular de la noticia', 'https://usa', 23, 2, 5);

-- --------------------------------------------------------

--
-- Estructura de tabla para la tabla `noticia_actor`
--

CREATE TABLE `noticia_actor` (
  `idnotactor` int(11) NOT NULL,
  `rel_idnoticia` int(11) UNSIGNED NOT NULL,
  `rel_idactor` smallint(4) UNSIGNED NOT NULL
) ENGINE=InnoDB DEFAULT CHARSET=utf8mb4;

--
-- Volcado de datos para la tabla `noticia_actor`
--

INSERT INTO `noticia_actor` (`idnotactor`, `rel_idnoticia`, `rel_idactor`) VALUES
(4, 2, 1),
(5, 2, 5),
(6, 2, 10),
(7, 3, 1),
(8, 3, 5),
(9, 3, 10),
(10, 4, 1),
(11, 4, 4),
(12, 4, 7),
(13, 4, 10),
(14, 5, 1),
(15, 5, 5),
(16, 5, 10),
(17, 6, 1),
(18, 6, 5),
(19, 6, 9),
(20, 6, 10),
(24, 8, 1),
(25, 9, 6),
(26, 9, 10),
(27, 10, 1),
(28, 10, 5),
(29, 10, 10);

-- --------------------------------------------------------

--
-- Estructura de tabla para la tabla `noticia_otrosubtema`
--

CREATE TABLE `noticia_otrosubtema` (
  `idnototrosubtema` int(11) UNSIGNED NOT NULL,
  `rel_idnoticia` int(11) UNSIGNED NOT NULL,
  `rel_idotrosubtema` int(11) UNSIGNED NOT NULL
) ENGINE=InnoDB DEFAULT CHARSET=utf8mb4;

--
-- Volcado de datos para la tabla `noticia_otrosubtema`
--

INSERT INTO `noticia_otrosubtema` (`idnototrosubtema`, `rel_idnoticia`, `rel_idotrosubtema`) VALUES
(3, 2, 3),
(4, 2, 4),
(5, 3, 5),
(6, 3, 6),
(7, 4, 7),
(8, 4, 8),
(9, 5, 9),
(10, 5, 10),
(11, 6, 11);

-- --------------------------------------------------------

--
-- Estructura de tabla para la tabla `noticia_otrotema`
--

CREATE TABLE `noticia_otrotema` (
  `idnototrotema` int(11) UNSIGNED NOT NULL,
  `rel_idnoticia` int(11) UNSIGNED NOT NULL,
  `rel_idotrotema` int(11) UNSIGNED NOT NULL
) ENGINE=InnoDB DEFAULT CHARSET=utf8mb4;

--
-- Volcado de datos para la tabla `noticia_otrotema`
--

INSERT INTO `noticia_otrotema` (`idnototrotema`, `rel_idnoticia`, `rel_idotrotema`) VALUES
(1, 2, 1),
(2, 3, 2),
(3, 4, 3),
(4, 5, 4),
(5, 6, 5),
(6, 10, 6);

-- --------------------------------------------------------

--
-- Estructura de tabla para la tabla `noticia_subtema`
--

CREATE TABLE `noticia_subtema` (
  `idnotsubtema` int(10) UNSIGNED NOT NULL,
  `rel_idnoticia` int(10) UNSIGNED NOT NULL,
  `rel_idsubtema` smallint(5) UNSIGNED NOT NULL
) ENGINE=InnoDB DEFAULT CHARSET=utf8mb4;

--
-- Volcado de datos para la tabla `noticia_subtema`
--

INSERT INTO `noticia_subtema` (`idnotsubtema`, `rel_idnoticia`, `rel_idsubtema`) VALUES
(3, 2, 1),
(4, 2, 22),
(5, 3, 1),
(6, 3, 22),
(7, 4, 1),
(8, 4, 12),
(9, 4, 13),
(10, 4, 8),
(11, 4, 10),
(12, 4, 11),
(13, 5, 1),
(14, 5, 22),
(15, 6, 1),
(16, 6, 24),
(17, 6, 9),
(18, 6, 11),
(23, 8, 25),
(24, 8, 28),
(25, 8, 40),
(26, 8, 42),
(27, 9, 25),
(28, 9, 28),
(29, 9, 39),
(30, 9, 42),
(31, 10, 29),
(32, 10, 37);

-- --------------------------------------------------------

--
-- Estructura de tabla para la tabla `otrosubtema`
--

CREATE TABLE `otrosubtema` (
  `idotrosubtema` int(11) UNSIGNED NOT NULL,
  `nombre_otrosubtema` varchar(150) NOT NULL,
  `rel_idtema` smallint(4) UNSIGNED NOT NULL
) ENGINE=InnoDB DEFAULT CHARSET=utf8mb4;

--
-- Volcado de datos para la tabla `otrosubtema`
--

INSERT INTO `otrosubtema` (`idotrosubtema`, `nombre_otrosubtema`, `rel_idtema`) VALUES
(3, 'aaaa', 1),
(4, 'bbbb', 6),
(5, 'aaaa', 1),
(6, 'bbb', 6),
(7, '', 1),
(8, 'aaaa', 4),
(9, 'aaa', 1),
(10, 'bbbb', 6),
(11, 'aaa', 1);

-- --------------------------------------------------------

--
-- Estructura de tabla para la tabla `otrotema`
--

CREATE TABLE `otrotema` (
  `idotrotema` int(10) UNSIGNED NOT NULL,
  `nombre_otrotema` varchar(150) NOT NULL,
  `rel_idcuestionario` smallint(2) UNSIGNED NOT NULL,
  `rel_idusuario` int(10) UNSIGNED NOT NULL
) ENGINE=InnoDB DEFAULT CHARSET=utf8mb4;

--
-- Volcado de datos para la tabla `otrotema`
--

INSERT INTO `otrotema` (`idotrotema`, `nombre_otrotema`, `rel_idcuestionario`, `rel_idusuario`) VALUES
(1, 'Otro tema reforma electoral', 1, 5),
(2, 'Otro', 1, 5),
(3, 'Otro tema de reforma electoral', 1, 5),
(4, 'AAAAAA', 1, 5),
(5, 'Otro tema de reforma electoral', 1, 5),
(6, 'Ptrpe', 2, 5);

-- --------------------------------------------------------

--
-- Estructura de tabla para la tabla `subtema`
--

CREATE TABLE `subtema` (
  `idsubtema` smallint(5) UNSIGNED NOT NULL,
  `nombre_subtema` varchar(150) NOT NULL,
  `rel_idtema` smallint(4) UNSIGNED NOT NULL
) ENGINE=InnoDB DEFAULT CHARSET=utf8mb4;

--
-- Volcado de datos para la tabla `subtema`
--

INSERT INTO `subtema` (`idsubtema`, `nombre_subtema`, `rel_idtema`) VALUES
(1, 'Estatutos de organizaciones políticas – Ley 1096', 1),
(2, 'Competencias del TSE', 2),
(3, 'Tutela de derechos políticos', 2),
(4, 'Juzgamiento de faltas y delitos electorales', 2),
(5, 'Redistribución de escaños a nivel nacional', 3),
(6, 'Redistribución de escaños a nivel departamental', 3),
(7, 'Redistribución del número de concejales del municipio', 3),
(8, 'Irregularidades del padrón', 8),
(9, 'Plataforma tecnológica del padrón', 8),
(10, 'Inclusión de poblaciones indígenas', 8),
(11, 'Intercambio de información con el SEGIP', 8),
(12, 'Cartografía electoral', 4),
(13, 'Delimitación de circunscripciones', 4),
(14, 'Selección y capacitación de notarios', 9),
(15, 'Capacitación de jurados electorales', 9),
(16, 'Estrategia de educación cívica y ciudadana', 9),
(17, 'Papel de los medios de comunicación en campaña electoral', 9),
(18, 'Financiamiento en etapas electorales y no electorales', 10),
(19, 'Procedimientos para el traslado de actas', 7),
(20, 'Procedimientos para el juzgamiento de actas', 7),
(21, 'Plazos para entrega de resultados', 7),
(22, 'Fechas de presentación de candidaturas e inhabilitaciones', 6),
(23, 'Sanciones por la difusión de encuestas electorales', 5),
(24, 'Requisitos de habilitación de empresas encuestadoras', 5),
(25, 'Garantías para el ejercicio de los derechos de los individuos frente a la arbitrariedad de los gobernantes', 11),
(26, 'Garantía del ejercicio de derechos políticos y su profundización', 11),
(27, 'Progresiva realización de igualdad política, social y económica', 11),
(28, 'Derecho a elegir, a ser elegido y a ocupar cargos públicos', 11),
(29, 'Libertad de expresión', 11),
(30, 'Acceso a la información', 11),
(31, 'Separación y equilibrio entre los órganos ejecutivo, legislativo y judicial', 14),
(32, 'Parlamento representativo y con pluralismo político', 14),
(33, 'Consolidación del estado de derecho o respeto a la ley', 14),
(34, 'Igualdad de todos los ciudadanos ante la ley', 14),
(35, 'El poder judicial es efectivamente independiente', 14),
(36, 'Participación de los ciudadanos en las decisiones políticas', 14),
(37, 'Participación de los ciudadanos en el diseño de políticas públicas', 14),
(38, 'Delimitación de circunscripciones', 14),
(39, 'Elegir en libertad, sin discriminación ni exclusión', 13),
(40, 'Elecciones libres, regulares y transparentes', 13),
(41, 'Libertad para ser elegido', 13),
(42, 'Libertad de asociación', 13),
(43, 'Competencia igual por cargos públicos', 13),
(44, 'Participación de la mujer', 12),
(45, 'Participación de poblaciones indígenas', 12),
(46, 'La acción de lo representantes está jurídicamente limitada a los deseos de los representados', 15),
(47, 'Los representantes disponen de recursos para exigir que se respeten sus decisiones', 15),
(48, 'Rendición de cuentas del uso de recursos públicos', 15),
(49, 'Qué es el CENSO ', 16),
(50, 'Cómo se hace un CENSO', 16),
(51, 'Cuándo se realiza ', 16),
(52, 'Administración, políticas ', 17),
(53, 'Registros electorales ', 17),
(54, 'Situación económica y social ', 17),
(55, 'Situación temas estratégicos ', 17),
(56, 'Investigación ', 17),
(57, 'Comercio, industrias, planificación ', 17),
(58, 'Distribución de recursos financieros ', 17),
(59, 'Censo de vivienda', 18),
(60, 'Censo agropecuario', 18),
(61, 'Censo de establecimientos económicos', 18),
(62, 'Base legal del censo ', 19),
(63, 'Presupuesto ', 19),
(64, 'Cronograma ', 19),
(65, 'Organización administrativa', 19),
(66, 'Actualización cartográfica ', 19),
(67, 'Programa de tabulación', 19),
(68, 'Preparación de la Boleta o cuestionario ', 19),
(69, 'Piloto ', 19),
(70, 'Selección y formación del personal ', 19);

-- --------------------------------------------------------

--
-- Estructura de tabla para la tabla `tema`
--

CREATE TABLE `tema` (
  `idtema` smallint(4) UNSIGNED NOT NULL,
  `nombre_tema` varchar(150) NOT NULL,
  `rel_idcuestionario` smallint(2) UNSIGNED NOT NULL,
  `rel_idusuario` int(11) UNSIGNED NOT NULL
) ENGINE=InnoDB DEFAULT CHARSET=utf8mb4;

--
-- Volcado de datos para la tabla `tema`
--

INSERT INTO `tema` (`idtema`, `nombre_tema`, `rel_idcuestionario`, `rel_idusuario`) VALUES
(1, 'Presentacion de Estatutos de organizaciones politicas', 1, 1),
(2, 'Competencias Jurisdicionales del TSE', 1, 1),
(3, 'Redistribuicion de Escaños', 1, 1),
(4, 'Circunscripciones uninominales', 1, 1),
(5, 'Difusion de encuestas', 1, 1),
(6, 'Inhabilitacion de candidatos', 1, 1),
(7, 'Computo departamental', 1, 1),
(8, 'Padron Electoral', 1, 1),
(9, 'Procedimientos Tecnico Electorales', 1, 1),
(10, 'Financiamiento politico y partidario', 1, 1),
(11, 'Ejercicio en libertad de derechos políticos', 2, 1),
(12, 'Inclusión política', 2, 1),
(13, 'Participación en el ámbito electoral', 2, 1),
(14, 'Integración de los ciudadanos en la definición y gestión del Estado', 2, 1),
(15, 'Instituciones', 2, 1),
(16, 'Información a la población ', 3, 1),
(17, 'Uso de los datos censales', 3, 1),
(18, 'Otros Censos', 3, 1),
(19, 'Etapa Pre Censal ', 3, 1);

-- --------------------------------------------------------

--
-- Estructura de tabla para la tabla `tipo_medio`
--

CREATE TABLE `tipo_medio` (
  `idtipomedio` smallint(3) UNSIGNED NOT NULL,
  `nombre_tipo` varchar(40) NOT NULL
) ENGINE=InnoDB DEFAULT CHARSET=utf8mb4;

--
-- Volcado de datos para la tabla `tipo_medio`
--

INSERT INTO `tipo_medio` (`idtipomedio`, `nombre_tipo`) VALUES
(1, 'Pagina de Red Social'),
(2, 'Canal de Televisión'),
(3, 'Emisora radial'),
(4, 'Prensa Escrita'),
(5, 'TV Rural'),
(6, 'Radio Rural');

-- --------------------------------------------------------

--
-- Estructura de tabla para la tabla `users`
--

CREATE TABLE `users` (
  `id` int(11) UNSIGNED NOT NULL,
  `ip_address` varchar(45) NOT NULL,
  `username` varchar(100) DEFAULT NULL,
  `password` varchar(255) NOT NULL,
  `email` varchar(254) NOT NULL,
  `activation_selector` varchar(255) DEFAULT NULL,
  `activation_code` varchar(255) DEFAULT NULL,
  `forgotten_password_selector` varchar(255) DEFAULT NULL,
  `forgotten_password_code` varchar(255) DEFAULT NULL,
  `forgotten_password_time` int(11) UNSIGNED DEFAULT NULL,
  `remember_selector` varchar(255) DEFAULT NULL,
  `remember_code` varchar(255) DEFAULT NULL,
  `created_on` int(11) UNSIGNED NOT NULL,
  `last_login` int(11) UNSIGNED DEFAULT NULL,
  `active` tinyint(1) UNSIGNED DEFAULT NULL,
  `first_name` varchar(50) DEFAULT NULL,
  `last_name` varchar(50) DEFAULT NULL,
  `company` varchar(100) DEFAULT NULL,
  `phone` varchar(20) DEFAULT NULL,
  `carnet_identidad` varchar(20) DEFAULT NULL,
  `geolocalizacion` varchar(250) DEFAULT NULL,
  `rel_iddepartamento` smallint(3) UNSIGNED NOT NULL,
  `direccion` varchar(255) DEFAULT NULL
) ENGINE=InnoDB DEFAULT CHARSET=utf8;

--
-- Volcado de datos para la tabla `users`
--

INSERT INTO `users` (`id`, `ip_address`, `username`, `password`, `email`, `activation_selector`, `activation_code`, `forgotten_password_selector`, `forgotten_password_code`, `forgotten_password_time`, `remember_selector`, `remember_code`, `created_on`, `last_login`, `active`, `first_name`, `last_name`, `company`, `phone`, `carnet_identidad`, `geolocalizacion`, `rel_iddepartamento`, `direccion`) VALUES
(1, '127.0.0.1', 'admin', '$2y$12$bGXrgAr0ErDJt2ICW/f2v.6M1LOI2l6KqFvj9Ot0rLPGdYy8h2sle', 'admin@admin.com', NULL, '', NULL, NULL, NULL, NULL, NULL, 1268889823, 1626514865, 1, 'Admin', 'istrator', 'ADMIN', '0', '0', 'geolocalizacion', 1, NULL),
(2, '127.0.0.1', 'marcelo', '$2y$10$cvMbrdm9qpYyudrwhq3mu.yimTBsIywbbXoNEu4bRo4oRm82RGtye', 'MRolqueza@gmail.com', NULL, NULL, NULL, NULL, NULL, NULL, NULL, 1625062770, 1625414827, 1, 'Marcelo', 'Rolqueza', NULL, NULL, '4834568', 'GEOLOCALIZACION', 1, 'Mariano Colodro #1447'),
(3, '127.0.0.1', 'albert', '$2y$10$viKV5QXqqrNbc5MMPx8kyuXLOWDMjYU5uLBlgGhjwqM3C0H9vFtT6', 'albert@gmail.com', NULL, NULL, NULL, NULL, NULL, NULL, NULL, 1625062902, 1625414291, 1, 'Alberto', 'Cruzo', NULL, NULL, '4444444', '4.5', 7, 'Calle Montes #5555'),
(4, '127.0.0.1', 'jcarlos', '$2y$10$xj7vhmTVFZOMLHbKfrhz.O2l37pN7cssOOBM0mGsXZ1A9B4S3se.W', 'almeyda@gmail.com', NULL, NULL, NULL, NULL, NULL, NULL, NULL, 1625358200, NULL, 1, 'Juan Carlos', 'Almeyda', NULL, NULL, '48693587', '45465456456456454', 4, 'Calle Alberto #4323'),
(5, '127.0.0.1', 'mon-alfredo', '$2y$10$qzrbE.2JZUSt/AAi7.ObZuBYsK3/R6YJANzOSJvxp7aHSPXIuhTWi', 'alfredo@gmail.com', NULL, NULL, NULL, NULL, NULL, NULL, NULL, 1625415047, 1627042784, 1, 'Alfredo R.', 'Torrico L.', NULL, NULL, NULL, NULL, 1, NULL),
(6, '127.0.0.1', 'mon-claudia', '$2y$10$oq9duUb2wp.cOrNj0h.oouNPk7redo3vaUlwpKEsrfT.Q4nN7.A9C', 'claudia@gmail.com', NULL, NULL, NULL, NULL, NULL, NULL, NULL, 1625415426, 1625420030, 1, 'Claudia', 'Arteaga', NULL, NULL, '49512234654', '546545456456454654', 4, 'Av. Sucre #4452'),
(7, '127.0.0.1', 'mon-carlos', '$2y$10$qzJf1mPzU1NH0EJ6YIwZ.uL2P18cx3OaAkYjIy.F5En57hbNrWJBe', 'carlos@gmail.com', NULL, NULL, NULL, NULL, NULL, NULL, NULL, 1625415550, 1625419998, 1, 'Carlos', 'Olivera', NULL, NULL, '495452121', '94945454654654', 2, 'Av. Circunvalacion #476'),
(8, '127.0.0.1', 'mon-adriana', '$2y$10$kVDfs/u3izDKtmAJCieTb.PJNrV6SYQv3vazv3fV4kXw1.aJ3ZCHG', 'adrianitajus98@gmail.com', NULL, NULL, NULL, NULL, NULL, NULL, NULL, 1625674404, NULL, 1, 'Adriana', 'Mier Justiniano', NULL, NULL, '6787516', '', 1, ''),
(9, '127.0.0.1', 'mon-alejandro', '$2y$10$u.4.qtFJYfAEoPnNXaYOZeeA6Foyfw5QCDjLcSpA26NPinNaclhMO', '201907084@ est.edu.bo', NULL, NULL, NULL, NULL, NULL, NULL, NULL, 1625674506, NULL, 1, 'Alejandro', 'Galindo Wieler', NULL, NULL, '00', '', 4, ''),
(10, '127.0.0.1', 'mon-alison', '$2y$10$u/6WP7Hnfa1BQQ7M0RtJVOfHunpiTN3wJjn5vzrVx7Q5Q8BxMoPD2', 'alison.sthephanie30@gmail.com', NULL, NULL, NULL, NULL, NULL, NULL, NULL, 1625674629, NULL, 1, 'Alison', 'Romero', NULL, NULL, '8537724', '', 1, ''),
(11, '127.0.0.1', 'mon-ami', '$2y$10$Q3Y8QpHoHPVEb2u5pmJtAebSM7IcIetvLCnQUXGs/2urqDlGnrAqC', 'amisita_la_seri@hotmail.com', NULL, NULL, NULL, NULL, NULL, NULL, NULL, 1625675771, NULL, 1, 'Ami', 'Cruz Amacifen', NULL, NULL, '4217053', '', 8, ''),
(12, '127.0.0.1', 'mon-andres', '$2y$10$K925qdJA4PPWbjmdB/mVQuZZdXAXOfOGtIFFoD6JglaARZiuJowQ6', 'andresventiadesb@gmail.com', NULL, NULL, NULL, NULL, NULL, NULL, NULL, 1625675847, NULL, 1, 'Andrés', 'Ventiades Velásquez ', NULL, NULL, '13905327', '', 5, ''),
(13, '127.0.0.1', 'mon-angelo', '$2y$10$frwfgKIzEEtuXd1pnYAX2Oj62X9CaA9t7mcLCIgBRkEn5OwmjPPAq', 'ap819994@gmail.com', NULL, NULL, NULL, NULL, NULL, NULL, NULL, 1625676142, NULL, 1, 'Angelo Michael', 'Perez Pool ', NULL, NULL, '7351503', '', 3, ''),
(14, '127.0.0.1', 'mon-belen', '$2y$10$80ltEsx4ns0nfK8/iBdfXO4CAcUoxxsIFqF0OhNIW/BMobpcQWypm', 'anabelengl24@gmail.com', NULL, NULL, NULL, NULL, NULL, NULL, NULL, 1625676205, NULL, 1, 'Ana Belen', 'Gutierrez Lopez', NULL, NULL, '9779920', '', 2, ''),
(15, '127.0.0.1', 'mon-bernardo', '$2y$10$qe8865xObWmbnq1q8EB0O.uQGSEUXZyljFd0EVhKIyCWGmfHO/zJ6', 'enzobernardogallo@gmail.com', NULL, NULL, NULL, NULL, NULL, NULL, NULL, 1625676259, NULL, 1, 'Bernardo', 'Gallo', NULL, NULL, '12578751', '', 1, ''),
(16, '127.0.0.1', 'mon-cecilia', '$2y$10$x8xji0mC62TwN5AZJ6tcg.BCWWtD480jC09r72tTX1IVy8gf28M/2', 'ceciliajustiniano306@gmail.com', NULL, NULL, NULL, NULL, NULL, NULL, NULL, 1625676367, NULL, 1, 'Cecilia', 'Justiniano Escalante', NULL, NULL, '12475248', '', 2, ''),
(17, '127.0.0.1', 'mon-cristian', '$2y$10$ZkPhZsLt7V2NjJFZTD7mqelkwVk0b1Xpcgcj.vv9NHeOBkIez.qNO', 'cmisericordia123@gmail.com', NULL, NULL, NULL, NULL, NULL, NULL, NULL, 1625676428, NULL, 1, 'Cristian Alberto', 'Misericordia Morales', NULL, NULL, '7390130', '', 3, ''),
(18, '127.0.0.1', 'mon-daniela', '$2y$10$55nP4beMdkX4xAfTC0vfnulkG6R9HDikFAaK7rnO6aPqdKGE8012y', '202004866@ est.edu.bo', NULL, NULL, NULL, NULL, NULL, NULL, NULL, 1625676684, NULL, 1, 'Daniela Rosario', 'Hualuque Rodríguez', NULL, NULL, '0', '', 4, ''),
(19, '127.0.0.1', 'mon-diego', '$2y$10$1JlsIQbtpDEEwDANz5nTouWlDO/k8sxq9/CV2MTHCsSr8PiL7NHqe', 'ayo2019@gmail.com', NULL, NULL, NULL, NULL, NULL, NULL, NULL, 1625676805, NULL, 1, 'Diego', 'Ayoroa', NULL, NULL, '6964639', '', 1, ''),
(20, '127.0.0.1', 'mon-elsifania', '$2y$10$d.GWZs3Yw/SXQLyP7AJavOMSnS.XdVUzhyKvtVvbp/CQZgY6.TSgi', 'fannyolarterojas@gmail.com', NULL, NULL, NULL, NULL, NULL, NULL, NULL, 1625676855, NULL, 1, 'Elsifania', 'Olarte Rojas', NULL, NULL, '1766568', '', 8, ''),
(21, '127.0.0.1', 'mon-erick', '$2y$10$LfEdf4MpfrTxm9tByOqW/uQyJ1mb01DlEETHy1uqAYQxon6VQeASO', 'tapiaerik1500@gmail.com', NULL, NULL, NULL, NULL, NULL, NULL, NULL, 1625676925, NULL, 1, 'Erik Roger ', 'Calizaya Tapia ', NULL, NULL, '10393487', '', 5, ''),
(22, '127.0.0.1', 'mon-ericka', '$2y$10$6xava60aeGfmf0s29weyseDY4nkQmZByMN5R0TILcKIXhe.3M6J0i', 'mniko4218@ gmail.com', NULL, NULL, NULL, NULL, NULL, NULL, NULL, 1625676994, NULL, 1, 'Erick', 'Alvarado Beltrán ', NULL, NULL, '12681679', '', 4, ''),
(23, '127.0.0.1', 'mon-evelin', '$2y$10$SE7MMZ7n3md5e6tHdLl5Vu7BEX4XEi/iohn68.u331sFUuwKOmzCe', 'evelinmachaca123@gmail.com', NULL, NULL, NULL, NULL, NULL, NULL, NULL, 1625677141, NULL, 1, 'Evelin E.', 'Machaca Flores ', NULL, NULL, '7353738', '', 3, ''),
(24, '127.0.0.1', 'mon-fabiola', '$2y$10$QSCc3/taQIYIYOqUeB2VNuPtP.wxgHRE6NjwW4IFW49gVkVHrRpBi', 'fabi-justiniano-@hotmail.com', NULL, NULL, NULL, NULL, NULL, NULL, NULL, 1625677382, NULL, 1, 'Fabiola', 'Justiniano', NULL, NULL, '570431', '', 8, ''),
(25, '127.0.0.1', 'mon-gabriel', '$2y$10$U6SqPiI2dfSohR/iAUKWW.czeDRJZ/HyRECsHAL6SSl5nJSAl0JFK', 'garandiabarrios@gmail.com ', NULL, NULL, NULL, NULL, NULL, NULL, NULL, 1625677434, NULL, 1, 'Gabriel ', 'Arandia ', NULL, NULL, '7519015', '', 1, ''),
(26, '127.0.0.1', 'mon-genesis', '$2y$10$jWe6K9Qq155/xDpnPEqVrO0ei0l.Q5JpiZx/pbGO9mYP9r3l.5tL2', 'mier.genesis@gmail.com', NULL, NULL, NULL, NULL, NULL, NULL, NULL, 1625677623, 1625680035, 1, 'Génesis ', 'S/A', NULL, NULL, '5645025', '', 1, ''),
(27, '127.0.0.1', 'mon-gustavo', '$2y$10$tpe.nGYN5IuvCygYIUtFtucPBcIJdV5QY9mCmOqptvO0U8GFfC9Rq', 'mamaniquispegustavo2006@gmail.com', NULL, NULL, NULL, NULL, NULL, NULL, NULL, 1625677685, NULL, 1, 'Gustavo', 'Mamani Quispe ', NULL, NULL, '7288481', '', 3, ''),
(28, '127.0.0.1', 'mon-idar', '$2y$10$XnaHNH4n7jw3ygaRi3ebg.2Tg5X2O9R7zVSpukLdRmM2lcPNl7rD.', 'chubyjuu18hotmail.com', NULL, NULL, NULL, NULL, NULL, NULL, NULL, 1625677745, NULL, 1, 'Idar Josue ', 'Villca Villanueva', NULL, NULL, '7889449', '', 8, ''),
(29, '127.0.0.1', 'mon-jodie', '$2y$10$c3KpX6mLf5OHdTKk.1lwW.psVKkeIfMyUyxVgwfRkdX1N7SrFvL2.', 'michellevillarroeljb@gmail.com', NULL, NULL, NULL, NULL, NULL, NULL, NULL, 1625677848, NULL, 1, 'Jodie Michelle ', 'Bautista Villarroel', NULL, NULL, '8302800', '', 1, ''),
(30, '127.0.0.1', 'mon-julia', '$2y$10$GD0VAoOh082/6rQ3OVv8ze2qmpYl2bTrxDxqytlDUuvppTIljjkX2', 'mise.juli.1991@gmail.com', NULL, NULL, NULL, NULL, NULL, NULL, NULL, 1625677922, NULL, 1, 'Julia Carmen', 'Julia Carmen', NULL, NULL, '7298782', '', 3, ''),
(31, '127.0.0.1', 'mon-keylin', '$2y$10$kX1JLROYSjg3/1Y459BogegWEUGKwBFmsnTHZz/5MaG7U2mQUR3MG', 'kelynsuarez@ gmail.com', NULL, NULL, NULL, NULL, NULL, NULL, NULL, 1625677986, NULL, 1, 'Keylin', 'Suárez Rojas', NULL, NULL, '9433132', '', 4, ''),
(32, '127.0.0.1', 'mon-kiebel', '$2y$10$i23IBg8Ca8aBjI0iQScuMO1zfL6NK0.OLAbZ55YEyqtd4NiSz7zLa', 'kiebel6garcia6rocabado6@gmail.com', NULL, NULL, NULL, NULL, NULL, NULL, NULL, 1625678075, NULL, 1, 'Kiebel', 'Garcia Rocabado', NULL, NULL, '8043490', '', 4, ''),
(33, '127.0.0.1', 'mon-leidy', '$2y$10$YP94xAOZw.3oyHdCXMgwcej04ZbdByCbsQL9KBwzcfX2kLlQ24KM6', 'sincorreo@correo.com', NULL, NULL, NULL, NULL, NULL, NULL, NULL, 1625678176, NULL, 1, 'Leidy Estefania ', 'Cordero Mamani', NULL, NULL, '5701704', '', 8, ''),
(34, '127.0.0.1', 'mon-leonela', '$2y$10$AHRxM3lTzX6vCviO4JmVaOZZ6kiIjgS0jjMhLHT6m4tC8tVvUTwwO', 'ullcafernandezleonela@gmail.com', NULL, NULL, NULL, NULL, NULL, NULL, NULL, 1625678254, NULL, 1, 'Leonela', 'Sullca Fernández ', NULL, NULL, '9122028', '', 1, ''),
(35, '127.0.0.1', 'mon-luis', '$2y$10$bGIsAr6x6Vc6gk7kWPKdOeuhWuOi0/YpHnRrzAL9EPLSVoSXnE4OS', 'luis@dominio.com', NULL, NULL, NULL, NULL, NULL, NULL, NULL, 1625678599, NULL, 1, 'Luis David ', 'Santos Suárez', NULL, NULL, '4209452', '', 8, ''),
(36, '127.0.0.1', 'mon-luisb', '$2y$10$4w9gVeRYO2P82rKW6.G8E.WpFfJGBTURgHjDGp2Qd.qoRHQTSb9jO', 'luissdanielabc@gmail.com', NULL, NULL, NULL, NULL, NULL, NULL, NULL, 1625678683, NULL, 1, 'Luis Daniel', 'Salamanca Barral ', NULL, NULL, '8621075', '', 5, ''),
(37, '127.0.0.1', 'mon-luz', '$2y$10$ET3v1Y3jEmRq8lZ2HxFPFOhqbIQam/FHJvinjrAr4tXrjMet9rjKG', 'bordaortusteluzmilena@gmail.com', NULL, NULL, NULL, NULL, NULL, NULL, NULL, 1625678837, NULL, 1, 'Luz Milena', 'Borda Ortuste ', NULL, NULL, '10384512', '', 5, ''),
(38, '127.0.0.1', 'mon-maria', '$2y$10$9fbJUMRXHmfkr8JzuU.wqe.7a9F7mPtMlEvA85tRvXu1tzwK9245W', 'delcielogalindo@gmail.com', NULL, NULL, NULL, NULL, NULL, NULL, NULL, 1625678903, NULL, 1, 'María del Cielo ', 'Galindo', NULL, NULL, '8808885', '', 1, ''),
(39, '127.0.0.1', 'mon-mariac', '$2y$10$TvTELC9mcL5NRlG3Dp1uR.m.xwcXFaYS4dALCz5D12mw4QO19P39e', '202001453@ est.umss.edu', NULL, NULL, NULL, NULL, NULL, NULL, NULL, 1625678999, NULL, 1, 'Ma. Celeste', 'Condorhuayra Araoz', NULL, NULL, '14071014', '', 4, ''),
(40, '127.0.0.1', 'mon-mariao', '$2y$10$TgVZu4Af9tJstRWrowoIK.0Ek.2/KDBnkkT/Kh/qRYQXanCsBW7Em', 'vikyosorio123@gmail.com', NULL, NULL, NULL, NULL, NULL, NULL, NULL, 1625679075, NULL, 1, 'María Victoria ', 'Osorio', NULL, NULL, '7208546', '', 1, ''),
(41, '127.0.0.1', 'mon-marioly', '$2y$10$S9EgXybZP/7JepUxA9cqaOAThrpPfZj1RXRdlcJhw05ngIFt9FzXG', 'mariolicruz98@gmail.com', NULL, NULL, NULL, NULL, NULL, NULL, NULL, 1625679162, NULL, 1, 'Marioly', 'Cruz Heredia', NULL, NULL, '9619837', '', 2, ''),
(42, '127.0.0.1', 'mon-mayel', '$2y$10$gjaF9xP2bPEkr.21WXqnWuqCray604Gt/n6Bm5kQePS8Y6.wv0JpG', 'ligiaherbascabrera@gmail.com', NULL, NULL, NULL, NULL, NULL, NULL, NULL, 1625679244, NULL, 1, 'Mavel Ligia ', 'Herbas Cabrera ', NULL, NULL, '975576', '', 4, ''),
(43, '127.0.0.1', 'mon-mihaela', '$2y$10$QK72MT1oZ86xuRSPYxDi2.nc4lafQWkkgzIEfX.MA2KZth1gq4cbK', 'mivigafeQQ@gmail.com', NULL, NULL, NULL, NULL, NULL, NULL, NULL, 1625679307, NULL, 1, 'Mihaela Victoria ', 'Gareca Fernandez', NULL, NULL, '4074239', '', 4, ''),
(44, '127.0.0.1', 'mon-paula', '$2y$10$3sd0GsvARcjpor1bevHaXuAcXGP3gYbSmLwLiXjjs5LWZ1SiM4d5O', 'paulafariast28@gmail.com', NULL, NULL, NULL, NULL, NULL, NULL, NULL, 1625679373, 1625679974, 1, 'Paula Thais ', 'Farías Teran', NULL, NULL, '5597049', '', 4, ''),
(45, '127.0.0.1', 'mon-ralhs', '$2y$10$YIrMU3oHyw/1/ViYavsYReRoOgHfoPjOVdZC/ssds7fnNO0h/YzQO', 'gonsalesporumaemer@gmail.com', NULL, NULL, NULL, NULL, NULL, NULL, NULL, 1625679440, NULL, 1, 'Ralhs W', 'Gonzáles Parumo', NULL, NULL, '4211751', '', 8, ''),
(46, '127.0.0.1', 'mon-ronald', '$2y$10$fBjuFnHXpcT3glOCyF/Fge4zyz8OtRA/wlQuFvkWEaK.GCeHA1HY.', 'ronaldalexiscondori@gmail.com', NULL, NULL, NULL, NULL, NULL, NULL, NULL, 1625679510, NULL, 1, 'Ronald Alexis', 'Condori Fernandez', NULL, NULL, '10653943', '', 2, ''),
(47, '127.0.0.1', 'mon-rosana', '$2y$10$GSJs5F7pt7D7ohryQvnhpem8a63RKrYBd.IcX5bLxvmQsYQ/NDA9a', 'rosivas17@gmail.com', NULL, NULL, NULL, NULL, NULL, NULL, NULL, 1625679577, NULL, 1, 'Rosana Agar', 'Vásquez Pimentel ', NULL, NULL, '6591343', '', 5, ''),
(48, '127.0.0.1', 'mon-sholay', '$2y$10$WXJ8amnAWLdp1sScT69T8uQDL/tYDO0rO6mnlI0mGcHll6EBh7tmG', 'sholaymisericordiamolina@gmail.com', NULL, NULL, NULL, NULL, NULL, NULL, NULL, 1625679666, NULL, 1, 'Sholay Gabriela', 'Misericordia Molina ', NULL, NULL, '7359512', '', 3, ''),
(49, '127.0.0.1', 'mon-taliana', '$2y$10$.pkDJOCdsIZWVRTCc3VWPekFvK85EtGlJp5Lf8Sfjrq9dfHW.1wMO', 'talianamedina1999@gmail.com', NULL, NULL, NULL, NULL, NULL, NULL, NULL, 1625679726, NULL, 1, 'Taliana', 'Quiroga Medina', NULL, NULL, '14656162', '', 2, ''),
(50, '127.0.0.1', 'mon-tania', '$2y$10$Ci5Nqgut1Iv7Lh0CKGsZ2ev/fwU00g4lPIJtIkjJdAUrrFLHiEe.G', 'thewantedtanita@gmail.com', NULL, NULL, NULL, NULL, NULL, NULL, NULL, 1625679786, NULL, 1, 'Tania Adriana ', 'Oros Ortiz', NULL, NULL, '7879403', '', 4, ''),
(51, '127.0.0.1', 'mon-alejandroc', '$2y$10$lubj9zh1AGUxdmXkV40W1.sZBHox5qoLE5NvE.KY2c8hrP4U9NprS', 'alecar@gmail.com', NULL, NULL, NULL, NULL, NULL, NULL, NULL, 1625688141, 1625688181, 1, 'Alejandro', 'Carvajal', NULL, NULL, '0000', '', 1, ''),
(52, '127.0.0.1', 'adm-wilfredo', '$2y$12$6/2KMt09pmuZqpm0atBhJeQ/GV5XxbUxE15L0yJXjFH6ZyKox5hdm', 'Will@will.com', NULL, NULL, NULL, NULL, NULL, NULL, NULL, 1626804874, 1626812438, 1, 'Wilfredo', 'Olivera', NULL, NULL, '485465465', '', 1, ''),
(53, '127.0.0.1', 'adm-prueba', '$2y$10$UcWA3kbWU6IiUWqr.yPMKuVP4N6fURr3jEt6HCVF.HAyKMFKFc1Du', 'asd@mail.com', NULL, NULL, NULL, NULL, NULL, NULL, NULL, 1626807841, NULL, 1, 'Administrador', 'Monitor', NULL, NULL, '54654', 'dsad', 1, 'dasd'),
(54, '127.0.0.1', 'adm-prueba2', '$2y$10$SOMjl/2SvwD6FpEXJLwI0u.SZ6dzsis9bof4VBg7E06lQVZrjih0O', 'deded', NULL, NULL, NULL, NULL, NULL, NULL, NULL, 1626807950, NULL, 1, 'Otro', 'Prueba', NULL, NULL, '4654654', '', 8, ''),
(55, '127.0.0.1', 'doc-telmex', '$2y$10$36sHCssziKael0dOIhClqujvM4ZDzTwsU0XIykbC4NFLXcVlSbi3S', 'correo@gmail.com', NULL, NULL, NULL, NULL, NULL, NULL, NULL, 1626808138, NULL, 1, 'Mas', 'dasdas', NULL, NULL, '54654', '', 1, '');

-- --------------------------------------------------------

--
-- Estructura de tabla para la tabla `users_groups`
--

CREATE TABLE `users_groups` (
  `id` int(11) UNSIGNED NOT NULL,
  `user_id` int(11) UNSIGNED NOT NULL,
  `group_id` mediumint(8) UNSIGNED NOT NULL
) ENGINE=InnoDB DEFAULT CHARSET=utf8;

--
-- Volcado de datos para la tabla `users_groups`
--

INSERT INTO `users_groups` (`id`, `user_id`, `group_id`) VALUES
(1, 1, 1),
(2, 1, 2),
(3, 1, 3),
(4, 2, 2),
(5, 3, 3),
(6, 4, 3),
(7, 5, 3),
(8, 6, 3),
(9, 7, 3),
(10, 8, 3),
(11, 9, 3),
(12, 10, 3),
(13, 11, 3),
(14, 12, 3),
(15, 13, 3),
(16, 14, 3),
(17, 15, 3),
(18, 16, 3),
(19, 17, 3),
(20, 18, 3),
(21, 19, 3),
(22, 20, 3),
(23, 21, 3),
(24, 22, 3),
(25, 23, 3),
(26, 24, 3),
(27, 25, 3),
(28, 26, 3),
(29, 27, 3),
(30, 28, 3),
(31, 29, 3),
(32, 30, 3),
(33, 31, 3),
(34, 32, 3),
(35, 33, 3),
(36, 34, 3),
(37, 35, 3),
(38, 36, 3),
(39, 37, 3),
(40, 38, 3),
(41, 39, 3),
(42, 40, 3),
(43, 41, 3),
(44, 42, 3),
(45, 43, 3),
(46, 44, 3),
(47, 45, 3),
(48, 46, 3),
(49, 47, 3),
(50, 48, 3),
(51, 49, 3),
(52, 50, 3),
(53, 51, 3),
(54, 52, 1),
(55, 53, 1),
(56, 54, 2),
(57, 55, 1);

--
-- Índices para tablas volcadas
--

--
-- Indices de la tabla `actor`
--
ALTER TABLE `actor`
  ADD PRIMARY KEY (`idactor`);

--
-- Indices de la tabla `ci_sessions`
--
ALTER TABLE `ci_sessions`
  ADD PRIMARY KEY (`id`),
  ADD KEY `ci_sessions_timestamp` (`timestamp`);

--
-- Indices de la tabla `cuestionario`
--
ALTER TABLE `cuestionario`
  ADD PRIMARY KEY (`idcuestionario`);

--
-- Indices de la tabla `departamento`
--
ALTER TABLE `departamento`
  ADD PRIMARY KEY (`iddepartamento`);

--
-- Indices de la tabla `groups`
--
ALTER TABLE `groups`
  ADD PRIMARY KEY (`id`);

--
-- Indices de la tabla `login_attempts`
--
ALTER TABLE `login_attempts`
  ADD PRIMARY KEY (`id`);

--
-- Indices de la tabla `medio_comunicacion`
--
ALTER TABLE `medio_comunicacion`
  ADD PRIMARY KEY (`idmedio`),
  ADD KEY `FK_mediocomunicaciontipo` (`rel_idtipomedio`);

--
-- Indices de la tabla `medio_departamento`
--
ALTER TABLE `medio_departamento`
  ADD PRIMARY KEY (`idmediodepartamento`),
  ADD KEY `FK_mediodepartamento` (`rel_idmedio`),
  ADD KEY `FK_departamentomedio` (`rel_iddepartamento`);

--
-- Indices de la tabla `noticia`
--
ALTER TABLE `noticia`
  ADD PRIMARY KEY (`idnoticia`),
  ADD KEY `fk_medio` (`rel_idmedio`),
  ADD KEY `fk_usuario` (`rel_idusuario`),
  ADD KEY `fk_cuestionario` (`rel_idcuestionario`);

--
-- Indices de la tabla `noticia_actor`
--
ALTER TABLE `noticia_actor`
  ADD PRIMARY KEY (`idnotactor`),
  ADD KEY `fk_actor` (`rel_idactor`),
  ADD KEY `fk_noticia` (`rel_idnoticia`);

--
-- Indices de la tabla `noticia_otrosubtema`
--
ALTER TABLE `noticia_otrosubtema`
  ADD PRIMARY KEY (`idnototrosubtema`),
  ADD KEY `fk_otrosubtema` (`rel_idotrosubtema`),
  ADD KEY `fk_rel_noticia` (`rel_idnoticia`);

--
-- Indices de la tabla `noticia_otrotema`
--
ALTER TABLE `noticia_otrotema`
  ADD PRIMARY KEY (`idnototrotema`),
  ADD KEY `fk_rel_otro_tema` (`rel_idotrotema`),
  ADD KEY `fk_rel_noticia_otr` (`rel_idnoticia`);

--
-- Indices de la tabla `noticia_subtema`
--
ALTER TABLE `noticia_subtema`
  ADD PRIMARY KEY (`idnotsubtema`),
  ADD KEY `fk_noticia_subtema` (`rel_idnoticia`),
  ADD KEY `fk_not_subtema` (`rel_idsubtema`);

--
-- Indices de la tabla `otrosubtema`
--
ALTER TABLE `otrosubtema`
  ADD PRIMARY KEY (`idotrosubtema`),
  ADD KEY `fk_tema_otrosubtema` (`rel_idtema`);

--
-- Indices de la tabla `otrotema`
--
ALTER TABLE `otrotema`
  ADD PRIMARY KEY (`idotrotema`);

--
-- Indices de la tabla `subtema`
--
ALTER TABLE `subtema`
  ADD PRIMARY KEY (`idsubtema`),
  ADD KEY `rel_idtema` (`rel_idtema`);

--
-- Indices de la tabla `tema`
--
ALTER TABLE `tema`
  ADD PRIMARY KEY (`idtema`),
  ADD KEY `fk_cuestionariotema` (`rel_idcuestionario`),
  ADD KEY `fk_usuario_tema` (`rel_idusuario`);

--
-- Indices de la tabla `tipo_medio`
--
ALTER TABLE `tipo_medio`
  ADD PRIMARY KEY (`idtipomedio`);

--
-- Indices de la tabla `users`
--
ALTER TABLE `users`
  ADD PRIMARY KEY (`id`),
  ADD UNIQUE KEY `uc_email` (`email`),
  ADD UNIQUE KEY `uc_activation_selector` (`activation_selector`),
  ADD UNIQUE KEY `uc_forgotten_password_selector` (`forgotten_password_selector`),
  ADD UNIQUE KEY `uc_remember_selector` (`remember_selector`);

--
-- Indices de la tabla `users_groups`
--
ALTER TABLE `users_groups`
  ADD PRIMARY KEY (`id`),
  ADD UNIQUE KEY `uc_users_groups` (`user_id`,`group_id`),
  ADD KEY `fk_users_groups_users1_idx` (`user_id`),
  ADD KEY `fk_users_groups_groups1_idx` (`group_id`);

--
-- AUTO_INCREMENT de las tablas volcadas
--

--
-- AUTO_INCREMENT de la tabla `actor`
--
ALTER TABLE `actor`
  MODIFY `idactor` smallint(4) UNSIGNED NOT NULL AUTO_INCREMENT, AUTO_INCREMENT=11;

--
-- AUTO_INCREMENT de la tabla `cuestionario`
--
ALTER TABLE `cuestionario`
  MODIFY `idcuestionario` smallint(2) UNSIGNED NOT NULL AUTO_INCREMENT, AUTO_INCREMENT=4;

--
-- AUTO_INCREMENT de la tabla `departamento`
--
ALTER TABLE `departamento`
  MODIFY `iddepartamento` smallint(3) UNSIGNED NOT NULL AUTO_INCREMENT, AUTO_INCREMENT=14;

--
-- AUTO_INCREMENT de la tabla `groups`
--
ALTER TABLE `groups`
  MODIFY `id` mediumint(8) UNSIGNED NOT NULL AUTO_INCREMENT, AUTO_INCREMENT=4;

--
-- AUTO_INCREMENT de la tabla `login_attempts`
--
ALTER TABLE `login_attempts`
  MODIFY `id` int(11) UNSIGNED NOT NULL AUTO_INCREMENT, AUTO_INCREMENT=4;

--
-- AUTO_INCREMENT de la tabla `medio_comunicacion`
--
ALTER TABLE `medio_comunicacion`
  MODIFY `idmedio` smallint(5) UNSIGNED NOT NULL AUTO_INCREMENT, AUTO_INCREMENT=53;

--
-- AUTO_INCREMENT de la tabla `medio_departamento`
--
ALTER TABLE `medio_departamento`
  MODIFY `idmediodepartamento` int(11) UNSIGNED NOT NULL AUTO_INCREMENT, AUTO_INCREMENT=65;

--
-- AUTO_INCREMENT de la tabla `noticia`
--
ALTER TABLE `noticia`
  MODIFY `idnoticia` int(11) UNSIGNED NOT NULL AUTO_INCREMENT, AUTO_INCREMENT=11;

--
-- AUTO_INCREMENT de la tabla `noticia_actor`
--
ALTER TABLE `noticia_actor`
  MODIFY `idnotactor` int(11) NOT NULL AUTO_INCREMENT, AUTO_INCREMENT=30;

--
-- AUTO_INCREMENT de la tabla `noticia_otrosubtema`
--
ALTER TABLE `noticia_otrosubtema`
  MODIFY `idnototrosubtema` int(11) UNSIGNED NOT NULL AUTO_INCREMENT, AUTO_INCREMENT=12;

--
-- AUTO_INCREMENT de la tabla `noticia_otrotema`
--
ALTER TABLE `noticia_otrotema`
  MODIFY `idnototrotema` int(11) UNSIGNED NOT NULL AUTO_INCREMENT, AUTO_INCREMENT=7;

--
-- AUTO_INCREMENT de la tabla `noticia_subtema`
--
ALTER TABLE `noticia_subtema`
  MODIFY `idnotsubtema` int(10) UNSIGNED NOT NULL AUTO_INCREMENT, AUTO_INCREMENT=33;

--
-- AUTO_INCREMENT de la tabla `otrosubtema`
--
ALTER TABLE `otrosubtema`
  MODIFY `idotrosubtema` int(11) UNSIGNED NOT NULL AUTO_INCREMENT, AUTO_INCREMENT=12;

--
-- AUTO_INCREMENT de la tabla `otrotema`
--
ALTER TABLE `otrotema`
  MODIFY `idotrotema` int(10) UNSIGNED NOT NULL AUTO_INCREMENT, AUTO_INCREMENT=7;

--
-- AUTO_INCREMENT de la tabla `subtema`
--
ALTER TABLE `subtema`
  MODIFY `idsubtema` smallint(5) UNSIGNED NOT NULL AUTO_INCREMENT, AUTO_INCREMENT=71;

--
-- AUTO_INCREMENT de la tabla `tema`
--
ALTER TABLE `tema`
  MODIFY `idtema` smallint(4) UNSIGNED NOT NULL AUTO_INCREMENT, AUTO_INCREMENT=20;

--
-- AUTO_INCREMENT de la tabla `tipo_medio`
--
ALTER TABLE `tipo_medio`
  MODIFY `idtipomedio` smallint(3) UNSIGNED NOT NULL AUTO_INCREMENT, AUTO_INCREMENT=7;

--
-- AUTO_INCREMENT de la tabla `users`
--
ALTER TABLE `users`
  MODIFY `id` int(11) UNSIGNED NOT NULL AUTO_INCREMENT, AUTO_INCREMENT=57;

--
-- AUTO_INCREMENT de la tabla `users_groups`
--
ALTER TABLE `users_groups`
  MODIFY `id` int(11) UNSIGNED NOT NULL AUTO_INCREMENT, AUTO_INCREMENT=58;

--
-- Restricciones para tablas volcadas
--

--
-- Filtros para la tabla `medio_comunicacion`
--
ALTER TABLE `medio_comunicacion`
  ADD CONSTRAINT `FK_mediocomunicaciontipo` FOREIGN KEY (`rel_idtipomedio`) REFERENCES `tipo_medio` (`idtipomedio`);

--
-- Filtros para la tabla `medio_departamento`
--
ALTER TABLE `medio_departamento`
  ADD CONSTRAINT `FK_departamentomedio` FOREIGN KEY (`rel_iddepartamento`) REFERENCES `departamento` (`iddepartamento`),
  ADD CONSTRAINT `FK_mediodepartamento` FOREIGN KEY (`rel_idmedio`) REFERENCES `medio_comunicacion` (`idmedio`);

--
-- Filtros para la tabla `noticia`
--
ALTER TABLE `noticia`
  ADD CONSTRAINT `fk_noticiacuestionario` FOREIGN KEY (`rel_idcuestionario`) REFERENCES `cuestionario` (`idcuestionario`),
  ADD CONSTRAINT `fk_noticiamedio` FOREIGN KEY (`rel_idmedio`) REFERENCES `medio_comunicacion` (`idmedio`),
  ADD CONSTRAINT `fk_noticiausuario` FOREIGN KEY (`rel_idusuario`) REFERENCES `users` (`id`);

--
-- Filtros para la tabla `noticia_actor`
--
ALTER TABLE `noticia_actor`
  ADD CONSTRAINT `fk_actor` FOREIGN KEY (`rel_idactor`) REFERENCES `actor` (`idactor`),
  ADD CONSTRAINT `fk_noticia` FOREIGN KEY (`rel_idnoticia`) REFERENCES `noticia` (`idnoticia`);

--
-- Filtros para la tabla `noticia_otrosubtema`
--
ALTER TABLE `noticia_otrosubtema`
  ADD CONSTRAINT `fk_otrosubtema` FOREIGN KEY (`rel_idotrosubtema`) REFERENCES `otrosubtema` (`idotrosubtema`),
  ADD CONSTRAINT `fk_rel_noticia` FOREIGN KEY (`rel_idnoticia`) REFERENCES `noticia` (`idnoticia`);

--
-- Filtros para la tabla `noticia_otrotema`
--
ALTER TABLE `noticia_otrotema`
  ADD CONSTRAINT `fk_rel_noticia_otr` FOREIGN KEY (`rel_idnoticia`) REFERENCES `noticia` (`idnoticia`),
  ADD CONSTRAINT `fk_rel_otro_tema` FOREIGN KEY (`rel_idotrotema`) REFERENCES `otrotema` (`idotrotema`);

--
-- Filtros para la tabla `noticia_subtema`
--
ALTER TABLE `noticia_subtema`
  ADD CONSTRAINT `fk_not_subtema` FOREIGN KEY (`rel_idsubtema`) REFERENCES `subtema` (`idsubtema`),
  ADD CONSTRAINT `fk_noticia_subtema` FOREIGN KEY (`rel_idnoticia`) REFERENCES `noticia` (`idnoticia`);

--
-- Filtros para la tabla `otrosubtema`
--
ALTER TABLE `otrosubtema`
  ADD CONSTRAINT `fk_tema_otrosubtema` FOREIGN KEY (`rel_idtema`) REFERENCES `tema` (`idtema`);

--
-- Filtros para la tabla `subtema`
--
ALTER TABLE `subtema`
  ADD CONSTRAINT `subtema_ibfk_1` FOREIGN KEY (`rel_idtema`) REFERENCES `tema` (`idtema`);

--
-- Filtros para la tabla `tema`
--
ALTER TABLE `tema`
  ADD CONSTRAINT `fk_cuestionariotema` FOREIGN KEY (`rel_idcuestionario`) REFERENCES `cuestionario` (`idcuestionario`),
  ADD CONSTRAINT `fk_usuario_tema` FOREIGN KEY (`rel_idusuario`) REFERENCES `users` (`id`);

--
-- Filtros para la tabla `users_groups`
--
ALTER TABLE `users_groups`
  ADD CONSTRAINT `fk_users_groups_groups1` FOREIGN KEY (`group_id`) REFERENCES `groups` (`id`) ON DELETE CASCADE ON UPDATE NO ACTION,
  ADD CONSTRAINT `fk_users_groups_users1` FOREIGN KEY (`user_id`) REFERENCES `users` (`id`) ON DELETE CASCADE ON UPDATE NO ACTION;
COMMIT;

/*!40101 SET CHARACTER_SET_CLIENT=@OLD_CHARACTER_SET_CLIENT */;
/*!40101 SET CHARACTER_SET_RESULTS=@OLD_CHARACTER_SET_RESULTS */;
/*!40101 SET COLLATION_CONNECTION=@OLD_COLLATION_CONNECTION */;
